f_Hz,re_out33,im_out33,re_out34,im_out34
20,0.0111326607,0.000301741547,0.0111322647,0.00031711448
20.2316,0.0111328821,0.000297635894,0.0111324875,0.000313187146
20.4659,0.0111330984,0.000293569395,0.0111327052,0.000309301026
20.7028,0.0111333097,0.000289541521,0.011132918,0.000305455616
20.9426,0.0111335162,0.000285551749,0.0111331259,0.000301650417
21.1851,0.0111337178,0.000281599558,0.0111333291,0.000297884933
21.4304,0.0111339149,0.000277684433,0.0111335277,0.000294158674
21.6785,0.0111341073,0.000273805865,0.0111337218,0.000290471155
21.9296,0.0111342953,0.000269963349,0.0111339114,0.000286821897
22.1835,0.011134479,0.000266156382,0.0111340967,0.000283210422
22.4404,0.0111346584,0.000262384468,0.0111342778,0.000279636261
22.7002,0.0111348336,0.000258647115,0.0111344548,0.000276098947
22.9631,0.0111350048,0.000254943836,0.0111346278,0.000272598019
23.229,0.011135172,0.000251274145,0.0111347968,0.00026913302
23.498,0.0111353352,0.000247637564,0.011134962,0.000265703498
23.77,0.0111354947,0.000244033617,0.0111351234,0.000262309004
24.0453,0.0111356505,0.000240461834,0.0111352811,0.000258949096
24.3237,0.0111358026,0.000236921747,0.0111354353,0.000255623334
24.6054,0.0111359512,0.000233412892,0.0111355859,0.000252331283
24.8903,0.0111360962,0.00022993481,0.0111357331,0.000249072512
25.1785,0.0111362379,0.000226487047,0.0111358769,0.000245846597
25.4701,0.0111363763,0.00022306915,0.0111360175,0.000242653113
25.765,0.0111365114,0.000219680672,0.0111361548,0.000239491644
26.0633,0.0111366433,0.000216321168,0.0111362891,0.000236361775
26.3651,0.0111367721,0.000212990199,0.0111364202,0.000233263096
26.6704,0.0111368978,0.000209687327,0.0111365484,0.000230195201
26.9793,0.0111370206,0.000206412119,0.0111366737,0.000227157688
27.2917,0.0111371404,0.000203164145,0.011136796,0.000224150159
27.6077,0.0111372574,0.00019994298,0.0111369156,0.00022117222
27.9274,0.0111373716,0.000196748201,0.0111370325,0.00021822348
28.2508,0.0111374831,0.000193579387,0.0111371467,0.000215303552
28.5779,0.0111375919,0.000190436123,0.0111372583,0.000212412052
28.9088,0.0111376981,0.000187317996,0.0111373674,0.000209548602
29.2435,0.0111378017,0.000184224596,0.0111374739,0.000206712826
29.5822,0.0111379029,0.000181155517,0.011137578,0.00020390435
29.9247,0.0111380016,0.000178110355,0.0111376798,0.000201122806
30.2712,0.0111380978,0.00017508871,0.0111377792,0.000198367829
30.6217,0.0111381918,0.000172090184,0.0111378764,0.000195639056
30.9763,0.0111382834,0.000169114383,0.0111379713,0.000192936129
31.335,0.0111383728,0.000166160916,0.011138064,0.000190258692
31.6979,0.01113846,0.000163229393,0.0111381547,0.000187606394
32.0649,0.0111385451,0.00016031943,0.0111382432,0.000184978885
32.4362,0.011138628,0.000157430643,0.0111383298,0.000182375821
32.8118,0.0111387089,0.000154562651,0.0111384143,0.000179796857
33.1917,0.0111387877,0.000151715077,0.0111384969,0.000177241656
33.5761,0.0111388646,0.000148887546,0.0111385776,0.00017470988
33.9649,0.0111389395,0.000146079685,0.0111386565,0.000172201197
34.3582,0.0111390125,0.000143291125,0.0111387336,0.000169715276
34.756,0.0111390837,0.000140521498,0.0111388089,0.000167251789
35.1585,0.011139153,0.000137770439,0.0111388824,0.000164810413
35.5656,0.0111392206,0.000135037585,0.0111389543,0.000162390826
35.9774,0.0111392864,0.000132322577,0.0111390245,0.000159992708
36.394,0.0111393505,0.000129625055,0.0111390931,0.000157615744
36.8154,0.0111394129,0.000126944665,0.0111391602,0.00015525962
37.2417,0.0111394736,0.000124281053,0.0111392257,0.000152924027
37.673,0.0111395328,0.000121633868,0.0111392896,0.000150608656
38.1092,0.0111395903,0.000119002759,0.0111393522,0.000148313201
38.5505,0.0111396463,0.000116387381,0.0111394132,0.000146037361
38.9969,0.0111397008,0.000113787388,0.0111394729,0.000143780834
39.4485,0.0111397537,0.000111202437,0.0111395312,0.000141543324
39.9052,0.0111398052,0.000108632186,0.0111395881,0.000139324535
40.3673,0.0111398553,0.000106076297,0.0111396438,0.000137124175
40.8348,0.0111399039,0.000103534432,0.0111396981,0.000134941952
41.3076,0.0111399512,0.000101006256,0.0111397512,0.00013277758
41.7859,0.011139997,9.84914338e-05,0.011139803,0.000130630772
42.2698,0.0111400416,9.59896344e-05,0.0111398537,0.000128501245
42.7592,0.0111400848,9.35005271e-05,0.0111399032,0.000126388718
43.2544,0.0111401267,9.10237831e-05,0.0111399515,0.000124292912
43.7552,0.0111401674,8.85590752e-05,0.0111399987,0.000122213551
44.2619,0.0111402068,8.61060779e-05,0.0111400448,0.000120150359
44.7744,0.011140245,8.36644671e-05,0.0111400898,0.000118103065
45.2929,0.011140282,8.12339201e-05,0.0111401338,0.000116071397
45.8174,0.0111403177,7.88141158e-05,0.0111401768,0.000114055088
46.3479,0.0111403524,7.64047344e-05,0.0111402187,0.000112053871
46.8846,0.0111403858,7.40054575e-05,0.0111402597,0.000110067481
47.4275,0.0111404181,7.16159679e-05,0.0111402997,0.000108095657
47.9767,0.0111404493,6.92359499e-05,0.0111403388,0.000106138138
48.5322,0.0111404794,6.68650888e-05,0.011140377,0.000104194664
49.0942,0.0111405085,6.45030712e-05,0.0111404142,0.00010226498
49.6627,0.0111405364,6.21495848e-05,0.0111404506,0.00010034883
50.2377,0.0111405633,5.98043184e-05,0.0111404861,9.84459611e-05
50.8195,0.0111405891,5.74669621e-05,0.0111405208,9.65561213e-05
51.4079,0.011140614,5.51372066e-05,0.0111405547,9.46790609e-05
52.0032,0.0111406378,5.28147439e-05,0.0111405877,9.28145319e-05
52.6054,0.0111406606,5.04992669e-05,0.01114062,9.09622876e-05
53.2145,0.0111406824,4.81904694e-05,0.0111406515,8.91220832e-05
53.8307,0.0111407032,4.58880459e-05,0.0111406823,8.72936752e-05
54.454,0.0111407231,4.3591692e-05,0.0111407123,8.5476822e-05
55.0846,0.011140742,4.13011041e-05,0.0111407416,8.36712833e-05
55.7224,0.01114076,3.90159789e-05,0.0111407702,8.18768201e-05
56.3677,0.0111407771,3.67360142e-05,0.0111407981,8.00931951e-05
57.0204,0.0111407932,3.44609086e-05,0.0111408253,7.83201725e-05
57.6806,0.0111408083,3.21903609e-05,0.0111408519,7.65575176e-05
58.3485,0.0111408226,2.99240709e-05,0.0111408778,7.48049973e-05
59.0242,0.011140836,2.76617387e-05,0.0111409031,7.30623797e-05
59.7077,0.0111408485,2.54030649e-05,0.0111409278,7.13294342e-05
60.399,0.0111408601,2.31477507e-05,0.0111409518,6.96059316e-05
61.0984,0.0111408708,2.08954978e-05,0.0111409753,6.78916437e-05
61.8059,0.0111408806,1.86460081e-05,0.0111409982,6.61863438e-05
62.5216,0.0111408896,1.6398984e-05,0.0111410205,6.44898061e-05
63.2456,0.0111408976,1.41541281e-05,0.0111410423,6.28018061e-05
63.9779,0.0111409049,1.19111434e-05,0.0111410635,6.11221204e-05
64.7187,0.0111409112,9.66973315e-06,0.0111410842,5.94505267e-05
65.4681,0.0111409167,7.42960067e-06,0.0111411044,5.77868038e-05
66.2262,0.0111409214,5.19044957e-06,0.011141124,5.61307313e-05
66.9931,0.0111409252,2.95198355e-06,0.0111411432,5.44820902e-05
67.7688,0.0111409281,7.13906311e-07,0.0111411618,5.2840662e-05
68.5536,0.0111409302,-1.52407823e-06,0.01114118,5.12062297e-05
69.3474,0.0111409315,-3.76226628e-06,0.0111411977,4.95785766e-05
70.1504,0.0111409319,-6.00095405e-06,0.011141215,4.79574875e-05
70.9627,0.0111409315,-8.24043776e-06,0.0111412318,4.63427475e-05
71.7844,0.0111409302,-1.04810138e-05,0.0111412481,4.4734143e-05
72.6156,0.0111409281,-1.27229786e-05,0.011141264,4.31314609e-05
73.4565,0.0111409251,-1.4966629e-05,0.0111412795,4.15344891e-05
74.307,0.0111409213,-1.72122618e-05,0.0111412946,3.99430159e-05
75.1675,0.0111409166,-1.94601743e-05,0.0111413092,3.83568308e-05
76.0379,0.0111409111,-2.17106639e-05,0.0111413235,3.67757235e-05
76.9184,0.0111409047,-2.39640283e-05,0.0111413373,3.51994849e-05
77.809,0.0111408974,-2.62205659e-05,0.0111413508,3.3627906e-05
78.71,0.0111408893,-2.84805752e-05,0.0111413639,3.20607787e-05
79.6214,0.0111408804,-3.07443552e-05,0.0111413766,3.04978956e-05
80.5434,0.0111408705,-3.30122057e-05,0.0111413889,2.89390495e-05
81.4761,0.0111408598,-3.52844265e-05,0.0111414009,2.7384034e-05
82.4195,0.0111408482,-3.75613185e-05,0.0111414125,2.58326432e-05
83.3739,0.0111408357,-3.98431829e-05,0.0111414238,2.42846715e-05
84.3393,0.0111408223,-4.21303216e-05,0.0111414347,2.27399139e-05
85.3159,0.011140808,-4.44230373e-05,0.0111414453,2.11981657e-05
86.3038,0.0111407928,-4.67216332e-05,0.0111414556,1.96592228e-05
87.3032,0.0111407766,-4.90264135e-05,0.0111414655,1.81228812e-05
88.3141,0.0111407596,-5.13376833e-05,0.0111414751,1.65889374e-05
89.3367,0.0111407416,-5.36557481e-05,0.0111414844,1.50571882e-05
90.3712,0.0111407226,-5.59809148e-05,0.0111414934,1.35274307e-05
91.4176,0.0111407027,-5.83134909e-05,0.0111415021,1.19994622e-05
92.4762,0.0111406819,-6.06537849e-05,0.0111415105,1.04730802e-05
93.547,0.01114066,-6.30021065e-05,0.0111415186,8.94808248e-06
94.6303,0.0111406372,-6.53587663e-05,0.0111415264,7.42426705e-06
95.726,0.0111406133,-6.77240761e-05,0.0111415339,5.90143195e-06
96.8345,0.0111405885,-7.00983485e-05,0.0111415411,4.37937541e-06
97.9558,0.0111405626,-7.24818978e-05,0.0111415481,2.85789577e-06
99.09,0.0111405357,-7.4875039e-05,0.0111415547,1.33679139e-06
100.237,0.0111405077,-7.72780888e-05,0.0111415611,-1.84139265e-07
101.398,0.0111404787,-7.96913648e-05,0.0111415672,-1.70509777e-06
102.572,0.0111404485,-8.21151862e-05,0.0111415731,-3.22628565e-06
103.76,0.0111404173,-8.45498736e-05,0.0111415787,-4.74790451e-06
104.961,0.011140385,-8.69957487e-05,0.011141584,-6.27015599e-06
106.177,0.0111403515,-8.94531349e-05,0.0111415891,-7.79324182e-06
107.406,0.0111403168,-9.19223572e-05,0.0111415939,-9.31736387e-06
108.65,0.011140281,-9.4403742e-05,0.0111415984,-1.08427241e-05
109.908,0.011140244,-9.68976173e-05,0.0111416028,-1.23695247e-05
111.181,0.0111402058,-9.94043126e-05,0.0111416068,-1.3897968e-05
112.468,0.0111401664,-0.000101924159,0.0111416106,-1.54282566e-05
113.771,0.0111401257,-0.00010445749,0.0111416142,-1.69605934e-05
115.088,0.0111400837,-0.000107004641,0.0111416175,-1.84951813e-05
116.421,0.0111400404,-0.000109565947,0.0111416206,-2.00322238e-05
117.769,0.0111399959,-0.000112141747,0.0111416235,-2.15719247e-05
119.132,0.0111399499,-0.000114732382,0.0111416261,-2.3114488e-05
120.512,0.0111399027,-0.000117338193,0.0111416285,-2.46601182e-05
121.907,0.011139854,-0.000119959526,0.0111416306,-2.62090202e-05
123.319,0.0111398039,-0.000122596725,0.0111416325,-2.77613993e-05
124.747,0.0111397524,-0.00012525014,0.0111416342,-2.93174612e-05
126.191,0.0111396994,-0.000127920121,0.0111416357,-3.08774123e-05
127.653,0.0111396448,-0.00013060702,0.0111416369,-3.24414594e-05
129.131,0.0111395888,-0.000133311193,0.0111416379,-3.40098097e-05
130.626,0.0111395312,-0.000136032995,0.0111416386,-3.55826712e-05
132.139,0.011139472,-0.000138772787,0.0111416392,-3.71602524e-05
133.669,0.0111394113,-0.00014153093,0.0111416395,-3.87427625e-05
135.217,0.0111393488,-0.000144307788,0.0111416395,-4.03304113e-05
136.782,0.0111392847,-0.000147103728,0.0111416394,-4.19234092e-05
138.366,0.0111392188,-0.000149919118,0.011141639,-4.35219674e-05
139.968,0.0111391512,-0.000152754329,0.0111416384,-4.51262979e-05
141.589,0.0111390818,-0.000155609737,0.0111416375,-4.67366134e-05
143.229,0.0111390106,-0.000158485717,0.0111416365,-4.83531274e-05
144.887,0.0111389375,-0.000161382648,0.0111416352,-4.99760543e-05
146.565,0.0111388626,-0.000164300913,0.0111416336,-5.16056092e-05
148.262,0.0111387856,-0.000167240897,0.0111416319,-5.32420082e-05
149.979,0.0111387067,-0.000170202987,0.0111416299,-5.48854683e-05
151.716,0.0111386258,-0.000173187572,0.0111416277,-5.65362073e-05
153.472,0.0111385428,-0.000176195048,0.0111416252,-5.81944443e-05
155.249,0.0111384577,-0.000179225809,0.0111416225,-5.98603991e-05
157.047,0.0111383704,-0.000182280256,0.0111416195,-6.15342926e-05
158.866,0.011138281,-0.00018535879,0.0111416164,-6.32163468e-05
160.705,0.0111381893,-0.000188461817,0.0111416129,-6.49067847e-05
162.566,0.0111380953,-0.000191589745,0.0111416093,-6.66058306e-05
164.449,0.0111379989,-0.000194742987,0.0111416054,-6.83137097e-05
166.353,0.0111379001,-0.000197921957,0.0111416012,-7.00306486e-05
168.279,0.0111377989,-0.000201127074,0.0111415968,-7.1756875e-05
170.228,0.0111376952,-0.000204358759,0.0111415922,-7.34926178e-05
172.199,0.011137589,-0.000207617438,0.0111415873,-7.52381073e-05
174.193,0.0111374801,-0.000210903539,0.0111415821,-7.69935749e-05
176.21,0.0111373685,-0.000214217495,0.0111415767,-7.87592535e-05
178.25,0.0111372542,-0.00021755974,0.011141571,-8.05353773e-05
180.314,0.0111371371,-0.000220930714,0.011141565,-8.23221819e-05
182.402,0.0111370172,-0.000224330861,0.0111415588,-8.41199043e-05
184.514,0.0111368943,-0.000227760627,0.0111415523,-8.5928783e-05
186.651,0.0111367685,-0.000231220463,0.0111415456,-8.7749058e-05
188.812,0.0111366396,-0.000234710822,0.0111415385,-8.95809706e-05
190.999,0.0111365076,-0.000238232163,0.0111415312,-9.1424764e-05
193.21,0.0111363724,-0.000241784949,0.0111415236,-9.32806828e-05
195.447,0.011136234,-0.000245369646,0.0111415157,-9.51489731e-05
197.711,0.0111360922,-0.000248986723,0.0111415075,-9.70298829e-05
200,0.011135947,-0.000252636656,0.011141499,-9.89236617e-05
202.316,0.0111357983,-0.000256319922,0.0111414902,-0.000100830561
204.659,0.0111356461,-0.000260037005,0.0111414811,-0.000102750833
207.028,0.0111354902,-0.000263788392,0.0111414717,-0.000104684734
209.426,0.0111353306,-0.000267574575,0.0111414619,-0.000106632519
211.851,0.0111351672,-0.000271396048,0.0111414519,-0.000108594447
214.304,0.0111349999,-0.000275253313,0.0111414415,-0.000110570779
216.785,0.0111348286,-0.000279146875,0.0111414308,-0.000112561777
219.296,0.0111346532,-0.000283077242,0.0111414197,-0.000114567704
221.835,0.0111344737,-0.000287044929,0.0111414083,-0.000116588828
224.404,0.0111342899,-0.000291050456,0.0111413965,-0.000118625417
227.002,0.0111341017,-0.000295094344,0.0111413844,-0.00012067774
229.631,0.0111339091,-0.000299177123,0.0111413719,-0.000122746071
232.29,0.0111337119,-0.000303299327,0.0111413591,-0.000124830683
234.98,0.0111335101,-0.000307461493,0.0111413459,-0.000126931854
237.7,0.0111333035,-0.000311664164,0.0111413323,-0.000129049863
240.453,0.011133092,-0.00031590789,0.0111413183,-0.000131184989
243.237,0.0111328755,-0.000320193223,0.0111413039,-0.000133337518
246.054,0.0111326539,-0.000324520722,0.011141289,-0.000135507735
248.903,0.0111324271,-0.000328890951,0.0111412738,-0.000137695928
251.785,0.0111321949,-0.00033330448,0.0111412582,-0.000139902387
254.701,0.0111319573,-0.000337761882,0.0111412421,-0.000142127406
257.65,0.0111317141,-0.000342263739,0.0111412256,-0.00014437128
260.633,0.0111314651,-0.000346810635,0.0111412086,-0.000146634307
263.651,0.0111312104,-0.000351403163,0.0111411912,-0.000148916787
266.704,0.0111309496,-0.000356041918,0.0111411733,-0.000151219024
269.793,0.0111306827,-0.000360727503,0.0111411549,-0.000153541323
272.917,0.0111304095,-0.000365460528,0.0111411361,-0.000155883993
276.077,0.01113013,-0.000370241605,0.0111411167,-0.000158247346
279.274,0.0111298439,-0.000375071355,0.0111410969,-0.000160631694
282.508,0.011129551,-0.000379950404,0.0111410765,-0.000163037355
285.779,0.0111292514,-0.000384879384,0.0111410556,-0.000165464648
289.088,0.0111289447,-0.000389858934,0.0111410341,-0.000167913896
292.435,0.0111286308,-0.000394889697,0.0111410121,-0.000170385425
295.822,0.0111283096,-0.000399972325,0.0111409896,-0.000172879562
299.247,0.0111279808,-0.000405107474,0.0111409665,-0.000175396639
302.712,0.0111276444,-0.000410295807,0.0111409427,-0.000177936991
306.217,0.0111273001,-0.000415537995,0.0111409184,-0.000180500955
309.763,0.0111269478,-0.000420834714,0.0111408935,-0.000183088872
313.35,0.0111265872,-0.000426186646,0.011140868,-0.000185701087
316.979,0.0111262182,-0.000431594481,0.0111408418,-0.000188337945
320.649,0.0111258406,-0.000437058915,0.0111408149,-0.000190999799
324.362,0.0111254542,-0.000442580652,0.0111407874,-0.000193687001
328.118,0.0111250588,-0.0004481604,0.0111407592,-0.00019639991
331.917,0.0111246541,-0.000453798877,0.0111407303,-0.000199138885
335.761,0.01112424,-0.000459496806,0.0111407007,-0.000201904291
339.649,0.0111238163,-0.000465254919,0.0111406704,-0.000204696497
343.582,0.0111233827,-0.000471073953,0.0111406393,-0.000207515872
347.56,0.0111229389,-0.000476954653,0.0111406075,-0.000210362793
351.585,0.0111224849,-0.000482897771,0.0111405749,-0.000213237638
355.656,0.0111220202,-0.000488904068,0.0111405415,-0.000216140789
359.774,0.0111215447,-0.00049497431,0.0111405073,-0.000219072633
363.94,0.0111210582,-0.000501109272,0.0111404722,-0.00022203356
368.154,0.0111205603,-0.000507309736,0.0111404363,-0.000225023964
372.417,0.0111200509,-0.000513576491,0.0111403995,-0.000228044243
376.73,0.0111195295,-0.000519910336,0.0111403619,-0.000231094799
381.092,0.0111189961,-0.000526312074,0.0111403233,-0.000234176039
385.505,0.0111184502,-0.000532782519,0.0111402838,-0.000237288371
389.969,0.0111178917,-0.000539322492,0.0111402434,-0.000240432211
394.485,0.0111173201,-0.00054593282,0.011140202,-0.000243607978
399.052,0.0111167353,-0.000552614342,0.0111401595,-0.000246816094
403.673,0.0111161369,-0.0005593679,0.0111401161,-0.000250056987
408.348,0.0111155246,-0.000566194349,0.0111400717,-0.000253331088
413.076,0.011114898,-0.000573094549,0.0111400261,-0.000256638834
417.859,0.0111142569,-0.000580069369,0.0111399795,-0.000259980665
422.698,0.0111136009,-0.000587119688,0.0111399318,-0.000263357027
427.592,0.0111129296,-0.00059424639,0.0111398829,-0.00026676837
432.544,0.0111122428,-0.00060145037,0.0111398329,-0.000270215148
437.552,0.01111154,-0.00060873253,0.0111397816,-0.000273697821
442.619,0.011110821,-0.000616093783,0.0111397292,-0.000277216853
447.744,0.0111100852,-0.000623535049,0.0111396755,-0.000280772714
452.929,0.0111093323,-0.000631057255,0.0111396205,-0.000284365878
458.174,0.011108562,-0.000638661339,0.0111395643,-0.000287996825
463.479,0.0111077738,-0.000646348248,0.0111395067,-0.000291666038
468.846,0.0111069674,-0.000654118935,0.0111394477,-0.000295374007
474.275,0.0111061422,-0.000661974366,0.0111393873,-0.000299121227
479.767,0.0111052979,-0.000669915512,0.0111393255,-0.000302908199
485.322,0.011104434,-0.000677943356,0.0111392623,-0.000306735427
490.942,0.0111035501,-0.000686058888,0.0111391975,-0.000310603424
496.627,0.0111026458,-0.000694263108,0.0111391312,-0.000314512704
502.377,0.0111017204,-0.000702557025,0.0111390634,-0.000318463792
508.195,0.0111007737,-0.000710941658,0.0111389939,-0.000322457214
514.079,0.011099805,-0.000719418032,0.0111389228,-0.000326493504
520.032,0.0110988139,-0.000727987185,0.0111388501,-0.000330573202
526.054,0.0110977998,-0.000736650163,0.0111387756,-0.000334696853
532.145,0.0110967623,-0.000745408021,0.0111386993,-0.000338865009
538.307,0.0110957007,-0.000754261823,0.0111386213,-0.000343078226
544.54,0.0110946146,-0.000763212643,0.0111385414,-0.000347337068
550.846,0.0110935034,-0.000772261564,0.0111384596,-0.000351642105
557.224,0.0110923665,-0.000781409679,0.0111383759,-0.000355993914
563.677,0.0110912032,-0.00079065809,0.0111382903,-0.000360393076
570.204,0.0110900131,-0.000800007909,0.0111382026,-0.000364840181
576.806,0.0110887955,-0.000809460256,0.0111381128,-0.000369335825
583.485,0.0110875497,-0.000819016262,0.011138021,-0.000373880608
590.242,0.0110862752,-0.000828677067,0.0111379269,-0.000378475141
597.077,0.0110849712,-0.00083844382,0.0111378307,-0.000383120039
603.99,0.0110836371,-0.000848317681,0.0111377322,-0.000387815924
610.984,0.0110822722,-0.000858299819,0.0111376314,-0.000392563427
618.059,0.0110808758,-0.00086839141,0.0111375282,-0.000397363183
625.216,0.0110794471,-0.000878593643,0.0111374226,-0.000402215838
632.456,0.0110779855,-0.000888907714,0.0111373145,-0.000407122042
639.779,0.0110764902,-0.000899334831,0.0111372038,-0.000412082453
647.187,0.0110749604,-0.000909876208,0.0111370906,-0.000417097738
654.681,0.0110733953,-0.000920533071,0.0111369747,-0.000422168571
662.262,0.0110717941,-0.000931306656,0.011136856,-0.000427295632
669.931,0.0110701561,-0.000942198205,0.0111367346,-0.000432479611
677.688,0.0110684803,-0.000953208972,0.0111366103,-0.000437721204
685.536,0.0110667659,-0.000964340219,0.0111364831,-0.000443021117
693.474,0.0110650121,-0.000975593219,0.0111363529,-0.000448380063
701.504,0.0110632178,-0.000986969252,0.0111362196,-0.000453798763
709.627,0.0110613823,-0.000998469607,0.0111360832,-0.000459277946
717.844,0.0110595046,-0.00101009558,0.0111359436,-0.00046481835
726.156,0.0110575836,-0.00102184849,0.0111358007,-0.000470420722
734.565,0.0110556185,-0.00103372964,0.0111356545,-0.000476085817
743.07,0.0110536083,-0.00104574037,0.0111355048,-0.000481814399
751.675,0.0110515518,-0.001057882,0.0111353516,-0.000487607239
760.379,0.0110494482,-0.00107015587,0.0111351948,-0.000493465121
769.184,0.0110472962,-0.00108256334,0.0111350343,-0.000499388835
778.09,0.0110450948,-0.00109510577,0.01113487,-0.00050537918
787.1,0.0110428429,-0.00110778453,0.0111347018,-0.000511436967
796.214,0.0110405394,-0.00112060098,0.0111345297,-0.000517563013
805.434,0.011038183,-0.00113355651,0.0111343536,-0.000523758148
814.761,0.0110357727,-0.00114665252,0.0111341733,-0.00053002321
824.195,0.0110333071,-0.0011598904,0.0111339887,-0.000536359046
833.739,0.011030785,-0.00117327155,0.0111337998,-0.000542766515
843.393,0.0110282052,-0.00118679738,0.0111336065,-0.000549246485
853.159,0.0110255664,-0.00120046933,0.0111334086,-0.000555799834
863.038,0.0110228672,-0.0012142888,0.011133206,-0.000562427451
873.032,0.0110201063,-0.00122825724,0.0111329987,-0.000569130235
883.141,0.0110172823,-0.00124237608,0.0111327864,-0.000575909098
893.367,0.0110143938,-0.00125664676,0.0111325692,-0.000582764958
903.712,0.0110114394,-0.00127107074,0.0111323469,-0.000589698749
914.176,0.0110084175,-0.00128564947,0.0111321193,-0.000596711414
924.762,0.0110053267,-0.0013003844,0.0111318863,-0.000603803906
935.47,0.0110021654,-0.00131527702,0.0111316479,-0.000610977191
946.303,0.0109989321,-0.00133032877,0.0111314038,-0.000618232248
957.26,0.0109956251,-0.00134554114,0.0111311539,-0.000625570065
968.345,0.0109922428,-0.0013609156,0.0111308982,-0.000632991642
979.558,0.0109887836,-0.00137645364,0.0111306364,-0.000640497994
990.9,0.0109852457,-0.00139215673,0.0111303684,-0.000648090146
1002.37,0.0109816274,-0.00140802635,0.0111300941,-0.000655769135
1013.98,0.010977927,-0.00142406401,0.0111298133,-0.000663536012
1025.72,0.0109741425,-0.00144027118,0.0111295259,-0.000671391841
1037.6,0.0109702722,-0.00145664935,0.0111292317,-0.000679337697
1049.61,0.0109663141,-0.00147320002,0.0111289305,-0.00068737467
1061.77,0.0109622663,-0.00148992467,0.0111286222,-0.000695503862
1074.06,0.0109581269,-0.00150682479,0.0111283066,-0.00070372639
1086.5,0.0109538938,-0.00152390188,0.0111279835,-0.000712043383
1099.08,0.010949565,-0.00154115741,0.0111276528,-0.000720455986
1111.81,0.0109451383,-0.00155859288,0.0111273142,-0.000728965357
1124.68,0.0109406117,-0.00157620976,0.0111269676,-0.000737572667
1137.71,0.0109359829,-0.00159400954,0.0111266128,-0.000746279104
1150.88,0.0109312498,-0.00161199368,0.0111262495,-0.000755085868
1164.21,0.01092641,-0.00163016365,0.0111258777,-0.000763994177
1177.69,0.0109214612,-0.00164852092,0.011125497,-0.000773005263
1191.32,0.0109164011,-0.00166706694,0.0111251073,-0.000782120371
1205.12,0.0109112273,-0.00168580317,0.0111247083,-0.000791340765
1219.07,0.0109059373,-0.00170473103,0.0111242998,-0.000800667723
1233.19,0.0109005285,-0.00172385197,0.0111238816,-0.00081010254
1247.47,0.0108949985,-0.00174316741,0.0111234535,-0.000819646526
1261.91,0.0108893446,-0.00176267875,0.0111230151,-0.00082930101
1276.53,0.0108835641,-0.0017823874,0.0111225664,-0.000839067334
1291.31,0.0108776544,-0.00180229474,0.0111221069,-0.000848946861
1306.26,0.0108716127,-0.00182240214,0.0111216365,-0.000858940969
1321.39,0.0108654362,-0.00184271096,0.0111211548,-0.000869051053
1336.69,0.0108591219,-0.00186322255,0.0111206617,-0.000879278529
1352.17,0.010852667,-0.00188393822,0.0111201568,-0.000889624828
1367.82,0.0108460685,-0.00190485928,0.0111196399,-0.000900091401
1383.66,0.0108393234,-0.00192598702,0.0111191105,-0.000910679716
1399.68,0.0108324285,-0.00194732271,0.0111185686,-0.000921391262
1415.89,0.0108253807,-0.00196886758,0.0111180136,-0.000932227546
1432.29,0.0108181768,-0.00199062286,0.0111174454,-0.000943190096
1448.87,0.0108108135,-0.00201258975,0.0111168635,-0.000954280457
1465.65,0.0108032875,-0.0020347694,0.0111162677,-0.000965500196
1482.62,0.0107955954,-0.00205716297,0.0111156576,-0.000976850902
1499.79,0.0107877337,-0.00207977156,0.0111150329,-0.000988334182
1517.16,0.010779699,-0.00210259626,0.0111143931,-0.000999951665
1534.72,0.0107714876,-0.00212563811,0.011113738,-0.001011705
1552.49,0.0107630959,-0.00214889813,0.0111130672,-0.00102359587
1570.47,0.0107545202,-0.0021723773,0.0111123801,-0.00103562595
1588.66,0.0107457568,-0.00219607655,0.0111116766,-0.00104779698
1607.05,0.0107368017,-0.0022199968,0.011110956,-0.00106011068
1625.66,0.0107276512,-0.00224413889,0.0111102181,-0.00107256882
1644.49,0.0107183011,-0.00226850366,0.0111094624,-0.0010851732
1663.53,0.0107087476,-0.00229309186,0.0111086884,-0.00109792561
1682.79,0.0106989865,-0.00231790423,0.0111078957,-0.0011108279
1702.28,0.0106890136,-0.00234294143,0.0111070838,-0.00112388193
1721.99,0.0106788248,-0.0023682041,0.0111062523,-0.00113708958
1741.93,0.0106684156,-0.00239369281,0.0111054006,-0.00115045276
1762.1,0.0106577817,-0.00241940807,0.0111045282,-0.00116397341
1782.5,0.0106469187,-0.00244535034,0.0111036346,-0.00117765349
1803.14,0.010635822,-0.00247152001,0.0111027194,-0.00119149499
1824.02,0.0106244872,-0.00249791742,0.0111017818,-0.00120549994
1845.14,0.0106129095,-0.00252454284,0.0111008215,-0.00121967038
1866.51,0.0106010842,-0.00255139646,0.0110998377,-0.00123400837
1888.12,0.0105890065,-0.00257847842,0.0110988299,-0.00124851604
1909.99,0.0105766715,-0.00260578877,0.0110977975,-0.0012631955
1932.1,0.0105640744,-0.0026333275,0.0110967399,-0.00127804891
1954.47,0.0105512101,-0.00266109451,0.0110956564,-0.00129307849
1977.11,0.0105380736,-0.00268908962,0.0110945463,-0.00130828643
2000,0.0105246597,-0.00271731256,0.011093409,-0.00132367501
2023.16,0.0105109632,-0.00274576299,0.0110922438,-0.0013392465
2046.59,0.0104969788,-0.00277444046,0.01109105,-0.00135500323
2070.28,0.0104827012,-0.00280334444,0.0110898267,-0.00137094756
2094.26,0.010468125,-0.00283247431,0.0110885733,-0.00138708185
2118.51,0.0104532446,-0.00286182932,0.011087289,-0.00140340854
2143.04,0.0104380546,-0.00289140866,0.011085973,-0.00141993009
2167.85,0.0104225494,-0.00292121137,0.0110846245,-0.00143664897
2192.96,0.0104067231,-0.00295123641,0.0110832425,-0.00145356773
2218.35,0.0103905702,-0.00298148263,0.0110818263,-0.00147068891
2244.04,0.0103740848,-0.00301194874,0.0110803749,-0.00148801514
2270.02,0.010357261,-0.00304263334,0.0110788874,-0.00150554903
2296.31,0.0103400929,-0.00307353493,0.0110773629,-0.00152329328
2322.9,0.0103225745,-0.00310465184,0.0110758004,-0.0015412506
2349.8,0.0103046999,-0.00313598231,0.0110741989,-0.00155942375
2377,0.0102864628,-0.00316752442,0.0110725574,-0.00157781553
2404.53,0.0102678571,-0.00319927612,0.0110708747,-0.00159642878
2432.37,0.0102488767,-0.00323123523,0.0110691498,-0.00161526637
2460.54,0.0102295152,-0.00326339941,0.0110673817,-0.00163433125
2489.03,0.0102097665,-0.00329576617,0.011065569,-0.00165362639
2517.85,0.010189624,-0.00332833289,0.0110637107,-0.00167315479
2547.01,0.0101690815,-0.00336109675,0.0110618055,-0.00169291951
2576.5,0.0101481325,-0.00339405482,0.0110598521,-0.00171292368
2606.33,0.0101267706,-0.00342720398,0.0110578493,-0.00173317044
2636.51,0.0101049893,-0.00346054093,0.0110557956,-0.001753663
2667.04,0.0100827819,-0.00349406222,0.0110536898,-0.00177440461
2697.93,0.0100601421,-0.00352776423,0.0110515304,-0.00179539858
2729.17,0.0100370631,-0.00356164313,0.0110493159,-0.00181664826
2760.77,0.0100135385,-0.00359569493,0.0110470448,-0.00183815706
2792.74,0.00998956147,-0.00362991545,0.0110447156,-0.00185992845
2825.08,0.00996512553,-0.00366430032,0.0110423267,-0.00188196592
2857.79,0.009940224,-0.00369884497,0.0110398764,-0.00190427306
2890.88,0.00991485024,-0.00373354462,0.011037363,-0.00192685349
2924.35,0.00988899761,-0.00376839433,0.0110347848,-0.0019497109
2958.22,0.00986265948,-0.0038033889,0.01103214,-0.00197284902
2992.47,0.00983582923,-0.00383852297,0.0110294266,-0.00199627166
3027.12,0.00980850025,-0.00387379094,0.0110266429,-0.00201998267
3062.17,0.00978066596,-0.003909187,0.0110237867,-0.00204398599
3097.63,0.00975231979,-0.00394470512,0.011020856,-0.00206828559
3133.5,0.00972345524,-0.00398033906,0.0110178488,-0.00209288552
3169.79,0.0096940658,-0.00401608234,0.0110147629,-0.00211778991
3206.49,0.00966414505,-0.00405192826,0.0110115959,-0.00214300293
3243.62,0.0096336866,-0.0040878699,0.0110083457,-0.00216852882
3281.18,0.00960268413,-0.00412390008,0.0110050097,-0.00219437192
3319.17,0.00957113137,-0.0041600114,0.0110015856,-0.00222053659
3357.61,0.00953902213,-0.00419619624,0.0109980708,-0.00224702731
3396.49,0.00950635031,-0.00423244672,0.0109944627,-0.00227384859
3435.82,0.00947310989,-0.00426875472,0.0109907584,-0.00230100505
3475.6,0.00943929494,-0.00430511188,0.0109869553,-0.00232850136
3515.85,0.00940489966,-0.00434150959,0.0109830505,-0.00235634229
3556.56,0.00936991833,-0.00437793902,0.0109790408,-0.00238453265
3597.74,0.00933434536,-0.00441439105,0.0109749234,-0.00241307737
3639.4,0.00929817531,-0.00445085636,0.0109706948,-0.00244198143
3681.54,0.00926140284,-0.00448732534,0.0109663519,-0.00247124991
3724.17,0.0092240228,-0.00452378817,0.0109618912,-0.00250088796
3767.3,0.00918603016,-0.00456023475,0.0109573093,-0.00253090083
3810.92,0.00914742007,-0.00459665475,0.0109526023,-0.00256129383
3855.05,0.00910818787,-0.0046330376,0.0109477667,-0.00259207239
3899.69,0.00906832905,-0.00466937247,0.0109427984,-0.002623242
3944.85,0.00902783932,-0.00470564829,0.0109376934,-0.00265480825
3990.52,0.00898671458,-0.00474185376,0.0109324476,-0.00268677682
4036.73,0.00894495096,-0.00477797733,0.0109270567,-0.00271915348
4083.48,0.00890254481,-0.00481400721,0.0109215161,-0.00275194409
4130.76,0.00885949269,-0.00484993138,0.0109158213,-0.00278515463
4178.59,0.00881579144,-0.0048857376,0.0109099674,-0.00281879113
4226.98,0.00877143813,-0.00492141339,0.0109039496,-0.00285285974
4275.92,0.0087264301,-0.00495694605,0.0108977626,-0.00288736673
4325.44,0.00868076496,-0.00499232266,0.0108914013,-0.00292231842
4375.52,0.00863444063,-0.00502753011,0.01088486,-0.00295772127
4426.19,0.00858745529,-0.00506255506,0.0108781331,-0.00299358182
4477.44,0.00853980745,-0.00509738397,0.0108712147,-0.00302990672
4529.29,0.00849149593,-0.00513200312,0.0108640987,-0.00306670271
4581.74,0.00844251988,-0.00516639859,0.0108567788,-0.00310397664
4634.79,0.00839287877,-0.00520055629,0.0108492484,-0.00314173547
4688.46,0.00834257243,-0.00523446196,0.0108415007,-0.00317998625
4742.75,0.00829160104,-0.00526810116,0.0108335287,-0.00321873612
4797.67,0.00823996516,-0.00530145932,0.0108253252,-0.00325799237
4853.22,0.0081876657,-0.00533452172,0.0108168824,-0.00329776234
4909.42,0.00813470397,-0.00536727349,0.0108081927,-0.00333805351
4966.27,0.00808108167,-0.00539969966,0.0107992479,-0.00337887344
5023.77,0.00802680089,-0.00543178512,0.0107900395,-0.0034202298
5081.95,0.00797186414,-0.0054635147,0.0107805588,-0.00346213037
5140.79,0.00791627434,-0.0054948731,0.0107707969,-0.00350458299
5200.32,0.00786003485,-0.00552584496,0.0107607442,-0.00354759566
5260.54,0.00780314945,-0.00555641487,0.010750391,-0.00359117641
5321.45,0.00774562235,-0.00558656734,0.0107397272,-0.00363533342
5383.07,0.00768745821,-0.00561628688,0.0107287424,-0.00368007492
5445.4,0.00762866216,-0.00564555796,0.0107174256,-0.00372540925
5508.46,0.00756923976,-0.00567436503,0.0107057656,-0.00377134482
5572.24,0.00750919704,-0.00570269256,0.0106937506,-0.00381789013
5636.77,0.00744854049,-0.00573052506,0.0106813685,-0.00386505376
5702.04,0.00738727709,-0.00575784705,0.0106686067,-0.00391284435
5768.06,0.00732541426,-0.00578464312,0.010655452,-0.00396127062
5834.85,0.00726295992,-0.00581089794,0.0106418909,-0.00401034132
5902.42,0.00719992245,-0.00583659626,0.0106279092,-0.00406006528
5970.77,0.00713631071,-0.00586172292,0.0106134923,-0.00411045137
6039.9,0.00707213405,-0.00588626291,0.010598625,-0.00416150849
6109.84,0.00700740228,-0.00591020135,0.0105832915,-0.00421324556
6180.59,0.00694212569,-0.00593352351,0.0105674754,-0.00426567154
6252.16,0.00687631506,-0.00595621483,0.0105511596,-0.00431879538
6324.56,0.00680998162,-0.00597826098,0.0105343266,-0.004372626
6397.79,0.00674313708,-0.0059996478,0.0105169579,-0.00442717235
6471.87,0.00667579362,-0.00602036137,0.0104990345,-0.00448244329
6546.81,0.00660796386,-0.00604038803,0.0104805366,-0.00453844766
6622.62,0.0065396609,-0.00605971436,0.0104614437,-0.00459519423
6699.31,0.00647089828,-0.00607832726,0.0104417344,-0.00465269165
6776.88,0.00640168996,-0.00609621389,0.0104213867,-0.00471094851
6855.36,0.00633205037,-0.00611336176,0.0104003776,-0.00476997321
6934.74,0.00626199432,-0.00612975868,0.0103786831,-0.00482977403
7015.04,0.00619153708,-0.00614539284,0.0103562786,-0.00489035905
7096.27,0.00612069429,-0.00616025278,0.0103331383,-0.00495173614
7178.44,0.00604948199,-0.00617432744,0.0103092356,-0.00501391292
7261.56,0.00597791662,-0.00618760614,0.0102845429,-0.00507689673
7345.65,0.00590601496,-0.00620007864,0.0102590313,-0.0051406946
7430.7,0.00583379416,-0.00621173511,0.0102326712,-0.00520531319
7516.75,0.00576127172,-0.00622256617,0.0102054317,-0.00527075878
7603.79,0.00568846546,-0.0062325629,0.0101772806,-0.00533703719
7691.84,0.00561539348,-0.00624171685,0.0101481849,-0.00540415375
7780.9,0.00554207423,-0.00625002006,0.01011811,-0.00547211325
7871,0.00546852639,-0.00625746506,0.0100870204,-0.00554091986
7962.14,0.00539476892,-0.0062640449,0.010054879,-0.00561057711
8054.34,0.00532082103,-0.00626975312,0.0100216476,-0.00568108778
8147.61,0.00524670214,-0.00627458383,0.00998728646,-0.00575245385
8241.95,0.00517243189,-0.00627853164,0.00995175465,-0.00582467643
8337.39,0.00509803008,-0.00628159173,0.00991500967,-0.0058977557
8433.93,0.00502351671,-0.00628375983,0.00987700761,-0.00597169075
8531.59,0.00494891191,-0.00628503221,0.00983770307,-0.00604647959
8630.38,0.00487423593,-0.00628540574,0.00979704914,-0.00612211897
8730.32,0.00479950914,-0.00628487783,0.00975499735,-0.00619860432
8831.41,0.00472475198,-0.00628344648,0.0097114977,-0.00627592965
8933.67,0.00464998496,-0.00628111027,0.00966649857,-0.00635408738
9037.12,0.00457522865,-0.00627786835,0.00961994677,-0.00643306828
9141.76,0.00450050362,-0.00627372046,0.00957178747,-0.0065128613
9247.62,0.00442583044,-0.00626866691,0.00952196424,-0.00659345346
9354.7,0.00435122967,-0.00626270861,0.00947041903,-0.00667482966
9463.03,0.00427672183,-0.00625584704,0.00941709216,-0.0067569726
9572.6,0.00420232737,-0.00624808424,0.00936192236,-0.00683986254
9683.45,0.00412806666,-0.00623942285,0.00930484678,-0.00692347719
9795.58,0.00405395996,-0.00622986606,0.00924580102,-0.00700779149
9909,0.00398002742,-0.00621941765,0.00918471915,-0.00709277748
10023.7,0.00390628902,-0.00620808192,0.00912153379,-0.00717840405
10139.8,0.00383276461,-0.00619586375,0.00905617617,-0.00726463676
10257.2,0.00375947383,-0.00618276855,0.0089885762,-0.00735143766
10376,0.00368643612,-0.00616880228,0.00891866254,-0.00743876503
10496.1,0.00361367071,-0.00615397141,0.00884636275,-0.00752657319
10617.7,0.00354119659,-0.00613828292,0.00877160339,-0.00761481224
10740.6,0.00346903247,-0.00612174432,0.00869431016,-0.00770342788
10865,0.00339719683,-0.00610436359,0.00861440809,-0.00779236112
10990.8,0.00332570782,-0.0060861492,0.00853182171,-0.00788154805
11118.1,0.00325458331,-0.00606711009,0.00844647525,-0.00797091961
11246.8,0.00318384083,-0.00604725565,0.00835829292,-0.00806040135
11377.1,0.00311349759,-0.00602659572,0.00826719912,-0.00814991315
11508.8,0.00304357045,-0.00600514056,0.0081731188,-0.00823936904
11642.1,0.00297407591,-0.00598290084,0.00807597771,-0.0083286769
11776.9,0.00290503009,-0.00595988762,0.00797570283,-0.00841773827
11913.2,0.00283644873,-0.00593611237,0.00787222268,-0.00850644815
12051.2,0.00276834717,-0.00591158688,0.00776546784,-0.00859469474
12190.7,0.00270074035,-0.00588632333,0.00765537131,-0.00868235931
12331.9,0.0026336428,-0.00586033421,0.0075418691,-0.00876931603
12474.7,0.00256706862,-0.00583363233,0.00742490069,-0.0088554318
12619.1,0.00250103148,-0.00580623079,0.00730440964,-0.00894056617
12765.3,0.00243554462,-0.00577814299,0.00718034419,-0.00902457126
12913.1,0.00237062083,-0.00574938257,0.00705265789,-0.00910729174
13062.6,0.00230627246,-0.00571996344,0.00692131029,-0.00918856482
13213.9,0.0022425114,-0.00568989971,0.00678626766,-0.00926822035
13366.9,0.00217934909,-0.00565920574,0.00664750372,-0.0093460809
13521.7,0.00211679652,-0.00562789604,0.00650500037,-0.00942196197
13678.2,0.00205486419,-0.00559598533,0.00635874856,-0.00949567225
13836.6,0.00199356218,-0.00556348848,0.00620874901,-0.00956701394
13996.8,0.00193290008,-0.0055304205,0.0060550131,-0.00963578317
14158.9,0.00187288702,-0.00549679652,0.00589756362,-0.00970177045
14322.9,0.00181353167,-0.00546263181,0.00573643566,-0.00976476134
14488.7,0.00175484225,-0.0054279417,0.00557167732,-0.00982453705
14656.5,0.00169682651,-0.00539274161,0.0054033506,-0.00988087527
14826.2,0.00163949176,-0.00535704702,0.00523153203,-0.00993355104
14997.9,0.00158284483,-0.00532087347,0.00505631343,-0.00998233769
15171.6,0.00152689214,-0.00528423651,0.00487780257,-0.010027008
15347.2,0.00147163963,-0.00524715172,0.00469612363,-0.0100673353
15524.9,0.00141709282,-0.00520963469,0.00451141778,-0.0101030949
15704.7,0.00136325679,-0.00517170099,0.00432384351,-0.0101340652
15886.6,0.0013101362,-0.00513336617,0.00413357686,-0.0101600294
16070.5,0.00125773529,-0.00509464573,0.00394081159,-0.010180777
16256.6,0.00120605786,-0.00505555514,0.00374575913,-0.010196105
16444.9,0.00115510734,-0.0050161098,0.00354864844,-0.0102058203
16635.3,0.00110488673,-0.00497632503,0.00334972563,-0.0102097405
16827.9,0.00105539864,-0.00493621609,0.00314925348,-0.0102076965
17022.8,0.00100664531,-0.00489579812,0.00294751071,-0.0101995332
17219.9,0.000958628602,-0.00485508616,0.00274479114,-0.010185112
17419.3,0.000911349992,-0.00481409516,0.00254140256,-0.0101643119
17621,0.000864810612,-0.00477283991,0.0023376655,-0.0101370311
17825,0.000819011238,-0.0047313351,0.00213391177,-0.0101031886
18031.4,0.000773952305,-0.00468959526,0.00193048285,-0.0100627255
18240.2,0.000729633916,-0.00464763479,0.0017277281,-0.0100156058
18451.4,0.000686055851,-0.00460546792,0.0015260028,-0.00996181784
18665.1,0.000643217573,-0.00456310872,0.00132566612,-0.0099013747
18881.2,0.000601118245,-0.00452057111,0.00112707893,-0.00983431508
19099.9,0.000559756732,-0.00447786882,0.000930601571,-0.00976070346
19321,0.000519131613,-0.00443501541,0.000736591495,-0.00968063033
19544.7,0.000479241192,-0.00439202426,0.000545400985,-0.00959421195
19771.1,0.000440083506,-0.00434890856,0.000357374799,-0.00950159005
20000,0.000401656334,-0.00430568129,0.000172847887,-0.00940293116
20231.6,0.000363957208,-0.00426235527,-7.85683118e-06,-0.00929842574
20465.9,0.000326983419,-0.00421894311,-0.000184430591,-0.00918828702
20702.8,0.00029073203,-0.0041754572,-0.000356580776,-0.00907274973
20942.6,0.000255199883,-0.00413190976,-0.000524032754,-0.00895206847
21185.1,0.000220383606,-0.00408831278,-0.000686531539,-0.00882651603
21430.4,0.000186279627,-0.00404467806,-0.000843843244,-0.0086963815
21678.5,0.000152884178,-0.00400101718,-0.000995756323,-0.0085619682
21929.6,0.000120193304,-0.00395734152,-0.00114208257,-0.00842359158
22183.5,8.82028738e-05,-0.00391366226,-0.00128265792,-0.00828157701
22440.4,5.69085858e-05,-0.00386999035,-0.0014173429,-0.00813625752
22700.2,2.63059763e-05,-0.00382633655,-0.00154602299,-0.00798797157
22963.1,-3.60957203e-06,-0.00378271141,-0.00166860861,-0.00783706077
23229,-3.28428234e-05,-0.00373912525,-0.00178503497,-0.00768386772
23498,-6.13986814e-05,-0.00369558821,-0.00189526158,-0.00752873384
23770,-8.92821816e-05,-0.00365211021,-0.00199927175,-0.00737199739
24045.3,-0.000116498485,-0.00360870097,-0.00209707167,-0.00721399153
24323.7,-0.000143052872,-0.00356537,-0.00218868953,-0.00705504254
24605.4,-0.000168950735,-0.00352212661,-0.00227417435,-0.00689546822
24890.3,-0.000194197572,-0.00347897992,-0.00235359476,-0.00673557638
25178.5,-0.000218798982,-0.00343593884,-0.00242703768,-0.00657566357
25470.1,-0.000242760659,-0.00339301207,-0.00249460685,-0.00641601394
25765,-0.000266088384,-0.00335020816,-0.00255642141,-0.00625689829
26063.3,-0.000288788025,-0.00330753541,-0.00261261437,-0.00609857328
26365.1,-0.000310865527,-0.00326500197,-0.00266333107,-0.00594128084
26670.4,-0.000332326908,-0.0032226158,-0.00270872771,-0.00578524767
26979.3,-0.000353178258,-0.00318038465,-0.00274896977,-0.00563068498
27291.7,-0.000373425731,-0.00313831611,-0.00278423066,-0.00547778835
27607.7,-0.00039307554,-0.00309641758,-0.00281469018,-0.00532673765
27927.4,-0.000412133959,-0.00305469629,-0.00284053327,-0.00517769723
28250.8,-0.000430607313,-0.00301315929,-0.00286194867,-0.00503081604
28577.9,-0.000448501976,-0.00297181345,-0.00287912772,-0.00488622802
28908.8,-0.000465824371,-0.00293066548,-0.00289226322,-0.00474405244
29243.5,-0.000482580963,-0.00288972192,-0.0029015484,-0.00460439442
29582.2,-0.000498778258,-0.00284898914,-0.00290717598,-0.00446734542
29924.7,-0.0005144228,-0.00280847337,-0.00290933725,-0.00433298381
30271.2,-0.000529521167,-0.00276818065,-0.00290822132,-0.00420137556
30621.7,-0.000544079972,-0.00272811688,-0.00290401442,-0.00407257481
30976.3,-0.000558105856,-0.00268828781,-0.00289689927,-0.00394662458
31335,-0.000571605491,-0.00264869901,-0.00288705455,-0.00382355743
31697.9,-0.000584585575,-0.00260935594,-0.00287465445,-0.00370339617
32064.9,-0.000597052829,-0.00257026389,-0.00285986829,-0.00358615453
32436.2,-0.000609013998,-0.00253142799,-0.00284286016,-0.0034718378
32811.8,-0.000620475851,-0.00249285326,-0.00282378872,-0.00336044357
33191.7,-0.000631445172,-0.00245454455,-0.00280280694,-0.00325196229
33576.1,-0.000641928769,-0.00241650659,-0.002780062,-0.00314637794
33964.9,-0.000651933463,-0.00237874396,-0.00275569519,-0.00304366864
34358.2,-0.000661466094,-0.00234126111,-0.00272984183,-0.00294380717
34756,-0.000670533517,-0.00230406236,-0.00270263127,-0.0028467616
35158.5,-0.0006791426,-0.00226715188,-0.00267418692,-0.00275249572
35565.6,-0.000687300224,-0.00223053372,-0.00264462628,-0.00266096959
35977.4,-0.000695013283,-0.0021942118,-0.00261406102,-0.00257214001
36394,-0.000702288682,-0.00215818992,-0.0025825971,-0.00248596088
36815.4,-0.000709133338,-0.00212247174,-0.00255033487,-0.0024023837
37241.7,-0.000715554174,-0.00208706079,-0.00251736923,-0.00232135786
37673,-0.000721558127,-0.00205196049,-0.00248378972,-0.00224283104
38109.2,-0.000727152137,-0.00201717412,-0.00244968077,-0.00216674951
38550.5,-0.000732343154,-0.00198270484,-0.00241512178,-0.00209305843
38996.9,-0.000737138135,-0.0019485557,-0.00238018735,-0.00202170211
39448.5,-0.000741544041,-0.00191472961,-0.00234494746,-0.00195262428
39905.2,-0.00074556784,-0.00188122937,-0.00230946761,-0.00188576828
40367.3,-0.000749216501,-0.00184805764,-0.00227380905,-0.00182107728
40834.8,-0.000752496998,-0.00181521699,-0.00223802894,-0.0017584945
41307.6,-0.000755416309,-0.00178270984,-0.00220218054,-0.00169796328
41785.9,-0.00075798141,-0.00175053851,-0.00216631339,-0.00163942733
42269.8,-0.000760199279,-0.00171870518,-0.00213047349,-0.00158283079
42759.2,-0.000762076894,-0.00168721193,-0.00209470347,-0.0015281184
43254.4,-0.000763621229,-0.0016560607,-0.00205904276,-0.00147523553
43755.2,-0.000764839258,-0.00162525333,-0.00202352776,-0.00142412835
44261.9,-0.000765737947,-0.00159479153,-0.00198819201,-0.00137474384
44774.4,-0.000766324261,-0.00156467689,-0.00195306633,-0.00132702991
45292.9,-0.000766605154,-0.00153491087,-0.00191817898,-0.0012809354
45817.4,-0.000766587575,-0.00150549484,-0.00188355578,-0.00123641018
46347.9,-0.000766278461,-0.00147643001,-0.00184922032,-0.00119340516
46884.6,-0.000765684738,-0.0014477175,-0.001815194,-0.00115187231
47427.5,-0.00076481332,-0.0014193583,-0.00178149622,-0.00111176472
47976.7,-0.000763671107,-0.00139135328,-0.0017481445,-0.00107303659
48532.2,-0.00076226498,-0.0013637032,-0.00171515455,-0.00103564324
49094.2,-0.000760601803,-0.00133640867,-0.00168254044,-0.000999541148
49662.7,-0.000758688421,-0.00130947021,-0.00165031466,-0.00096468792
50237.7,-0.000756531656,-0.0012828882,-0.00161848827,-0.000931042303
50819.5,-0.000754138304,-0.00125666293,-0.00158707094,-0.000898564181
51407.9,-0.000751515138,-0.00123079453,-0.00155607106,-0.000867214566
52003.2,-0.000748668899,-0.00120528305,-0.00152549586,-0.000836955585
52605.4,-0.0007456063,-0.00118012838,-0.00149535144,-0.000807750472
53214.5,-0.000742334019,-0.00115533033,-0.00146564288,-0.000779563552
53830.7,-0.000738858699,-0.00113088857,-0.00143637429,-0.000752360223
54454,-0.000735186947,-0.00110680265,-0.00140754891,-0.000726106937
55084.6,-0.000731325327,-0.00108307201,-0.00137916914,-0.000700771185
55722.4,-0.000727280362,-0.00105969598,-0.00135123662,-0.000676321473
56367.7,-0.000723058531,-0.00103667377,-0.00132375229,-0.000652727302
57020.4,-0.000718666261,-0.00101400445,-0.00129671641,-0.000629959146
57680.6,-0.000714109935,-0.000991687027,-0.00127012868,-0.000607988431
58348.5,-0.000709395877,-0.000969720349,-0.0012439882,-0.000586787507
59024.2,-0.000704530361,-0.000948103173,-0.0012182936,-0.000566329633
59707.7,-0.0006995196,-0.000926834142,-0.00119304302,-0.000546588948
60000,-0.000697351403,-0.000917915563,-0.00118246404,-0.000538424486
