f_Hz,Round_p_centre_0deg_dB,Round_p_centre_15deg_dB,Round_p_centre_30deg_dB,Round_p_centre_45deg_dB,Round_p_centre_60deg_dB,Round_p_centre_75deg_dB,Round_p_centre_90deg_dB,Round_p_centre_120deg_dB,Round_p_centre_150deg_dB,Round_p_centre_180deg_dB,Round_p_FP_0deg_dB,Round_p_FP_15deg_dB,Round_p_FP_30deg_dB,Round_p_FP_45deg_dB,Round_p_FP_60deg_dB,Round_p_FP_75deg_dB,Round_p_FP_90deg_dB,Round_p_FP_120deg_dB,Round_p_FP_150deg_dB,Round_p_FP_180deg_dB,Round_p_avg_0deg_dB,Round_p_avg_15deg_dB,Round_p_avg_30deg_dB,Round_p_avg_45deg_dB,Round_p_avg_60deg_dB,Round_p_avg_75deg_dB,Round_p_avg_90deg_dB,Round_p_avg_120deg_dB,Round_p_avg_150deg_dB,Round_p_avg_180deg_dB,Flat_p_centre_0deg_dB,Flat_p_centre_15deg_dB,Flat_p_centre_30deg_dB,Flat_p_centre_45deg_dB,Flat_p_centre_60deg_dB,Flat_p_centre_75deg_dB,Flat_p_centre_90deg_dB,Flat_p_centre_120deg_dB,Flat_p_centre_150deg_dB,Flat_p_centre_180deg_dB,Flat_p_FP_0deg_dB,Flat_p_FP_15deg_dB,Flat_p_FP_30deg_dB,Flat_p_FP_45deg_dB,Flat_p_FP_60deg_dB,Flat_p_FP_75deg_dB,Flat_p_FP_90deg_dB,Flat_p_FP_120deg_dB,Flat_p_FP_150deg_dB,Flat_p_FP_180deg_dB,Flat_p_avg_0deg_dB,Flat_p_avg_15deg_dB,Flat_p_avg_30deg_dB,Flat_p_avg_45deg_dB,Flat_p_avg_60deg_dB,Flat_p_avg_75deg_dB,Flat_p_avg_90deg_dB,Flat_p_avg_120deg_dB,Flat_p_avg_150deg_dB,Flat_p_avg_180deg_dB
50,0.0360049136014938,0.0308900051416348,0.0167209269901343,-0.00318615468266054,-0.024035151618331,-0.0406710006907292,-0.048990462241076,-0.0364332299075564,-0.00370149069591199,0.0130106806907352,0.0359443299254346,0.0308811331352209,0.0168517018917498,-0.002869227234983,-0.0235398142936773,-0.0400558994982937,-0.0483482282833105,-0.0360268954210083,-0.00370910414325459,0.0127989986078372,0.0260072892645038,0.0332853797828281,0.0299174151167691,0.0165255707149213,-0.00381330749572147,-0.026163224342495,-0.0449294637657639,-0.0553479479884066,-0.0288840256063367,0.00353061017369853,0.0336118319027766,0.0286769190110258,0.0150303679924459,-0.00407494689292315,-0.0239707848348629,-0.03968931472813,-0.0473236222789161,-0.0344771847499581,-0.00239418588330121,0.0139252236217612,0.0335401584162598,0.0286564045187882,0.0151481465774219,-0.00377242205705585,-0.0234905276525275,-0.039088853706328,-0.0466946243886568,-0.0340802544198746,-0.00240804774809339,0.0137085828459759,0.0236525375159366,0.0308368238831055,0.0277577991790228,0.0150173143247566,-0.00439454990575109,-0.0257089550823148,-0.0435516978049953,-0.0531554942513293,-0.027234946785719,0.00446210211941588
52.9731547179648,0.0430416602009012,0.0372535557321282,0.021191965054797,-0.00145100245142681,-0.0252902294834645,-0.0444757050250993,-0.0542941125536397,-0.0407553216894546,-0.00412380577634402,0.014627663604083,0.0429855321025363,0.0372555823582365,0.0213507995267328,-0.0010838246564809,-0.0247245341771832,-0.0437783316983083,-0.0535693088996409,-0.0402991115722466,-0.00413273453975495,0.0143898130109226,0.0317781463959166,0.0399976852498896,0.0361673035691896,0.0209562302145418,-0.00221016093611657,-0.0277728186777132,-0.0493676425823411,-0.0618552293696197,-0.0323814470972537,0.00398741597586023,0.0400538003257159,0.0344676906106136,0.0189970974380545,-0.00272661320550552,-0.0254544121277406,-0.0435496901355239,-0.0525336030971888,-0.038582281269154,-0.00265756770225399,0.0156545172845078,0.0399860533902085,0.0344573542444226,0.0191417291543523,-0.0023755991758593,-0.0249059300797281,-0.0428691381396804,-0.051823978447818,-0.0381366995716704,-0.00267350741608092,0.0154111043272835,0.0288306212869881,0.0369433926742335,0.0334376371394578,0.0189682155327254,-0.00312670957212798,-0.0274730615364805,-0.0479639681479189,-0.0594286881773974,-0.0305320716506666,0.00503328378667078
56.1231024154687,0.0514726060096104,0.0449264058797144,0.0267259081655475,0.00096949777555945,-0.026306235410647,-0.048462477528753,-0.0600750926804008,-0.0455725615242264,-0.00459134158629399,0.0164473879110646,0.0514224091559892,0.0449417486575559,0.0269176810028883,0.00139484378133843,-0.0256597676238351,-0.0476712965798104,-0.0592567132011301,-0.0450603390815404,-0.00460183844388879,0.0161801091023321,0.0387845864324629,0.0480724974850611,0.0437271489202386,0.0264580784919011,6.54071913788155e-05,-0.0291973168625051,-0.054086105903421,-0.0690912478813328,-0.0362984547491048,0.00450505594470583,0.0477777830276668,0.0414559825622529,0.0239182141709939,-0.000790731993574759,-0.0267753404058504,-0.0476383219881953,-0.058235688407177,-0.0431614615810316,-0.00294679512901546,0.0176005848640045,0.0477159534959653,0.0414586855765805,0.024094831859169,-0.000383296920241489,-0.02614840850162,-0.0468664368316443,-0.0574347235862918,-0.0426612596716447,-0.00296515881895227,0.0173270663555865,0.0351304131175877,0.0442964081169251,0.0403112589396964,0.0238801399611354,-0.00127982351183432,-0.0291170245525796,-0.0526869459331054,-0.066410523590994,-0.0342244720167848,0.00567958461939499
59.4603557501361,0.0615509047572582,0.0541539915785376,0.0335433790384302,0.00425131528763181,-0.0269700510770821,-0.0525885842354769,-0.0663505778493881,-0.0509374996356851,-0.00510850934810154,0.018495394423328,0.0615078039383227,0.0541849476322702,0.0337733461993948,0.00474373351101763,-0.0262309276388759,-0.0516904029668323,-0.065426085632872,-0.0503623694729513,-0.00512087891721161,0.0181950173958393,0.0472618690433153,0.0577630406109331,0.0528506098960689,0.0332622289336457,0.00319499569226147,-0.0303276965906704,-0.0590561680763193,-0.0771283385681877,-0.0406847476376423,0.00509172588539557,0.0570265668369217,0.0498756412123674,0.0299998732762885,0.00189169398228437,-0.0278373563047131,-0.0519258643994627,-0.0644547101860148,-0.0482660101906182,-0.00326386388050066,0.0197908180228272,0.0569726476104429,0.0498944143676165,0.030214212454212,0.0023646036676418,-0.0271202342492309,-0.0510497615464207,-0.063550199856918,-0.0477044853724809,-0.0032850611461195,0.0194834411537554,0.0427757550645764,0.0531372009671452,0.0486178639140719,0.029966659393362,0.0013089083438283,-0.0305483594548794,-0.0577029942377357,-0.0741729777821249,-0.0383588637543729,0.00641108273713601
62.9960524947437,0.0735626211710758,0.0652153967144752,0.0418998377620586,0.00860437188627838,-0.0271399595200968,-0.0567926128168007,-0.0731304809771412,-0.0569072932779501,-0.00568015638097425,0.0208003653820238,0.0735270887903102,0.0652638105013574,0.0421734334479795,0.00917372851634507,-0.0262946971047074,-0.0557723659644175,-0.072085592648379,-0.0562615065781351,-0.00569476583242806,0.0204627578017908,0.0574771035369519,0.0693569640250394,0.0638293187432599,0.0416402015188183,0.00739883017095927,-0.0310242924325728,-0.0642314264316026,-0.0860435767128599,-0.0455958648677553,0.00575664375671262,0.068079641642784,0.0599973319378791,0.0374845823548522,0.00551305342552915,-0.0285178347277428,-0.0563669829831851,-0.0712103179736239,-0.0539519702721632,-0.00361088346410069,0.0222560245396388,0.0680353635391944,0.0600351555768432,0.0377428789238027,0.00606165967391732,-0.0276970957453163,-0.055371906816768,-0.0701883505216825,-0.053321595288428,-0.00363539962220072,0.0219105638438035,0.0520257311946928,0.063744803139381,0.0586366163604315,0.0374817303430549,0.00483895576724823,-0.0316469038424827,-0.0629794618273674,-0.0827932344293718,-0.0429874226744756,0.00723915721383014
66.7419927085017,0.0878252436049819,0.0784225967752493,0.0520867280839443,0.0142759076872472,-0.0266409128561711,-0.0609900202907859,-0.0804146530535391,-0.0635438813177882,-0.00631164766192198,0.0233944632833408,0.0877964989424823,0.0784893600634867,0.0524092318104135,0.0149329240663186,-0.0256743250657051,-0.0598305433954537,-0.0792330966691924,-0.0628187290447304,-0.00632893952720205,0.0230149719544362,0.0697280767371846,0.0831754808011866,0.0769937026714861,0.051907253454756,0.0129413134421765,-0.031110536545529,-0.0695427604743471,-0.0959183726363478,-0.0510938906490186,0.00651012904033139,0.0812544516949961,0.0721303333956876,0.0466543476177061,0.0103036712116985,-0.0286626798314593,-0.0608961538112046,-0.0785145887780695,-0.0602804090229194,-0.00399011181376288,0.02503081340542,0.0812208680868048,0.0721897780903923,0.0469631295708133,0.0109393525270255,-0.0277230508123851,-0.0597652290762563,-0.0773593033082184,-0.0595727299633949,-0.00401852245684033,0.0246425108898013,0.0631761360733888,0.0764377036934565,0.0706896808133297,0.0467245041488127,0.00955260169962089,-0.0322586988615545,-0.0684641523249428,-0.0923534599882745,-0.0481684399932418,0.0081766142657534
70.7106781186548,0.104683196832407,0.0941169445186923,0.0644305708329386,0.0215528302768438,-0.0252597866551108,-0.0650680609857199,-0.0881894389558748,-0.070914100635856,-0.00700897620291474,0.0263136894996936,0.104658413798958,0.0942012770561906,0.064806592677402,0.0223088544910625,-0.0241549330887975,-0.0637498609342792,-0.0868526848708402,-0.0700997930520954,-0.00702948362970781,0.0258870745893406,0.0843392250147857,0.0995696487761653,0.0927114409113781,0.0644242923435498,0.0201363247130653,-0.0303660101970438,-0.0748923157900732,-0.106837781253583,-0.0572482528804804,0.00736366985877454,0.0969055869052022,0.0866224946050586,0.0578326051471015,0.0165359858348344,-0.028080880727449,-0.0654227351701121,-0.0863690317563386,-0.0673176547495877,-0.00440401342130256,0.0281540062739883,0.0968824538867498,0.0867051709820411,0.0581983332366129,0.0172711736285447,-0.0270051119101389,-0.0641367035551941,-0.08506234446722,-0.0665231760673832,-0.00443700167542248,0.0277175041407167,0.0765590285187811,0.0915736893795793,0.0851437813734188,0.0580434602354575,0.0157413197604372,-0.0321889885916156,-0.0740797943446883,-0.102940349170516,-0.0539670675021044,0.00923780778648516
74.9153538438341,0.124499225010164,0.112661790756811,0.07928900251337,0.030762289475894,-0.0227410196383113,-0.068880163826844,-0.096423500138839,-0.0790897191863584,-0.00777891024171421,0.0295982603115004,0.124472452313036,0.112760244931163,0.0797217306466549,0.0316288982506992,-0.0214792391794882,-0.0673812000588116,-0.094910465721292,-0.0781752498406854,-0.00780327510216595,0.0291186215153594,0.101653631591173,0.118912652868791,0.111382461625795,0.0795974532197233,0.0293516867610782,-0.0285189837195756,-0.0801463674446275,-0.118889432374737,-0.0641366269452993,0.008329971428295,0.115420898138922,0.103857382973162,0.0713841133845624,0.0245277992893642,-0.0265389206017948,-0.0698252993458086,-0.094760884115457,-0.0751354902848734,-0.00485535037537953,0.031669072011657,0.115405787440557,0.103963139147553,0.0718126144489078,0.0253757381522204,-0.0253077111824753,-0.0683622502324306,-0.0932821829877883,-0.0742435451961266,-0.00489372729109416,0.0311783371555011,0.0925393844082505,0.109546765400745,0.102409362154922,0.071839147279018,0.0237519919107905,-0.0311943986112204,-0.0797173725617345,-0.114644361429039,-0.0604561665410629,0.0104387469142292
79.37005259841,0.147640389736871,0.134429980041201,0.0970425446257051,0.0422694785572766,-0.0187832311636418,-0.0722399198173968,-0.105062824666404,-0.0881473513330464,-0.00862918516254046,0.033292998679328,0.147601130280378,0.134535113429132,0.0975326943802718,0.0432578514025785,-0.0173443021689285,-0.0705354164823775,-0.10334955603544,-0.0871203434026155,-0.00865817947282367,0.0327536924315081,0.122019783189367,0.14158678892372,0.13342916958239,0.0978741564695535,0.0410119704999424,-0.0252387757419449,-0.0851269925751231,-0.132161959494947,-0.0718459550557943,0.00942297964909792,0.137213294992391,0.124247414869619,0.0877117316052561,0.0346438082732831,-0.0237554339129643,-0.0739452710690063,-0.103658591798466,-0.0838112816907769,-0.00534731737576476,0.0356245802753704,0.137200370400615,0.124373212086108,0.0882073575207468,0.0356181235796149,-0.0223474503420858,-0.0722803811814457,-0.101984400076655,-0.0828098859561799,-0.00539204593554032,0.0350728196776858,0.111507627077547,0.130779908794712,0.122936161340741,0.0885645498440523,0.0339923569527954,-0.0289744675460041,-0.0852281934539624,-0.127558546974028,-0.067717275679668,0.0117971819808711
84.0896415253715,0.174457438007713,0.159784920938759,0.118080733426465,0.0564714128222555,-0.0130376486215183,-0.0749149715716609,-0.114024866559884,-0.098168207782946,-0.00956874620735328,0.0374477426027628,0.174388848736637,0.159883591464507,0.118625139070736,0.0575914129556191,-0.0114001302394674,-0.0729772897204666,-0.112084203933087,-0.0970147403504033,-0.00960329738463259,0.0368412893391191,0.145771791953481,0.167963806421044,0.159280454451971,0.119734206382949,0.0555985095168253,-0.0201284737324212,-0.0896025461845025,-0.146742767783694,-0.0804735874954067,0.0106578756074409,0.162706807528223,0.148221557116817,0.107248753782199,0.0472943542189093,-0.0193967134202682,-0.0775800108434821,-0.11300637304516,-0.0934280127885183,-0.00588373263842696,0.0400746701553998,0.162685195898192,0.14835995208924,0.107813191227428,0.0484083579260984,-0.0177887496792749,-0.0756853153020649,-0.111109984442917,-0.0923036995545373,-0.0059359559189195,0.039454236224924,0.133866614795411,0.155712197798869,0.147203752213332,0.108721796164327,0.046934804835162,-0.025162870487766,-0.0904145945631304,-0.14177683000655,-0.0758417112881923,0.0133326597161756
89.0898718140339,0.20525654548872,0.189054102748673,0.142781218120659,0.0737852209575978,-0.00510945397850414,-0.0766212750941865,-0.123191796071805,-0.109237613265201,-0.0106080431715455,0.042117776442953,0.205133250910319,0.189125368122699,0.143371022208324,0.0750441157602741,-0.00325127419826734,-0.0744198849091437,-0.120993034203032,-0.107942024775507,-0.0106492637406863,0.0414357568024365,0.173201980206651,0.198377439816374,0.189348046219778,0.145674296174501,0.0736451723342463,-0.0127188355934591,-0.0932770402909298,-0.162714933622479,-0.0901285438873162,0.0120510417112362,0.192315439335659,0.176206085230018,0.130445255132254,0.0629300371475803,-0.0130739303465123,-0.0804756149133839,-0.122717779032297,-0.104074183394041,-0.00646929569974712,0.0450795318839685,0.192267139728553,0.176343256266529,0.131075910426274,0.0641956920557084,-0.0112412737010081,-0.0783198423886952,-0.120568871283749,-0.102811816386233,-0.00653036979074192,0.0443818167141461,0.160011570846703,0.184778754431914,0.175705405840214,0.132853616232591,0.0631172983923715,-0.019318903623815,-0.09501927320534,-0.157391576091795,-0.0849318116419635,0.0150665399168876
94.3874312681694,0.240263068981576,0.222494446507617,0.171480659159313,0.0946293753551511,0.0054365506739768,-0.077018435401416,-0.132402907531893,-0.121444197685897,-0.0117593687177265,0.0473643017546963,0.240048638417009,0.222507099748247,0.172099086262889,0.0960301378161513,0.00753718574576574,-0.0745200413188287,-0.129911469509991,-0.119988863479974,-0.0118085911998921,0.0465972404375513,0.204525270411927,0.233087478196846,0.223994077283346,0.176184242967286,0.0957281283180269,-0.00246453847773305,-0.0957786900850384,-0.180152965525865,-0.10093287808508,0.0136200097357335,0.226413516529165,0.208596983364151,0.157746817388541,0.0820305656668659,-0.0043432415500236,-0.0823198890446727,-0.132668199095851,-0.115843510076522,-0.00710991903281983,0.0507059048636211,0.226310822544059,0.208710263325104,0.158434712168898,0.0834570233644998,-0.00226032188807123,-0.0798684065749596,-0.130232437839114,-0.114426071989409,-0.00718145139480104,0.0499212222675944,0.190301555497098,0.21838203646395,0.208923578628054,0.161527704523626,0.0831398304253183,-0.010920106360546,-0.0987133236911081,-0.174490216816948,-0.0951023269748541,0.0170219703629435
100,0.279578107914006,0.260249895809136,0.204436872366165,0.11939639172751,0.01906430207488,-0.0757071017639202,-0.141446330884023,-0.134878627993665,-0.0130372156398718,0.0532549809704467,0.279222335312359,0.260159749323794,0.205056631645965,0.120935549901759,0.0214276004766017,-0.0728759873572292,-0.138623482708216,-0.133243708501283,-0.0130960335294046,0.0523922167383091,0.239835879575687,0.272235747339389,0.263489429511796,0.211713509577577,0.122447616107872,0.0112556542214141,-0.0966481299265022,-0.199117077040578,-0.113023106918689,0.0153834172119336,0.265296789484722,0.245723008859163,0.189564142731356,0.105086033854666,0.00728970373017603,-0.0827361987787991,-0.142686315900457,-0.128834339876543,-0.00781313107359081,0.0570276057983559,0.265099258752695,0.245777939433551,0.190291287515691,0.106677667476239,0.00964829028765279,-0.0799511272540491,-0.139924968431899,-0.127242692299302,-0.00789702513026609,0.0561450598298057,0.225021539302877,0.256853456681786,0.247295546943939,0.195312029089163,0.107654450519713,0.000642714454276818,-0.101083249147607,-0.193150634524332,-0.106481942403083,0.0192238265841716
105.94630943593,0.323130539577125,0.302303338394399,0.241782838094941,0.148415990247792,0.0362470596829479,-0.0722297337361553,-0.150050337754237,-0.149631695456356,-0.014458603244126,0.0598646127327961,0.322566791075101,0.302050486528457,0.242363289913203,0.150081041803733,0.0388898689319814,-0.0690284067749212,-0.146852983018369,-0.147794851426702,-0.0145289192358432,0.0588941527136368,0.279058552241266,0.315796069865837,0.307963754390116,0.252627235394598,0.154399690895858,0.0291328050813963,-0.0953271366281463,-0.219645525046801,-0.126551628291754,0.0173610233875416,0.309134642597558,0.287799389396673,0.226232597588137,0.132568834833675,0.0223590233767795,-0.081279207209547,-0.152544607781093,-0.143148645989968,-0.00858853111061848,0.0641261190884702,0.308785742249674,0.287746396822895,0.226968869974473,0.134322711854842,0.0250170193995481,-0.0781197858619247,-0.149414196524871,-0.141361256667644,-0.00868703803993494,0.0631334575315338,0.264335113439468,0.300405259100062,0.291168357944863,0.23473928829797,0.137346596441902,0.0160663320921101,-0.101617476424131,-0.213434919453556,-0.119214894637684,0.0216986407335736
112.246204830937,0.370629884855221,0.348427444803472,0.283475097499849,0.18190870403032,0.0574385035735787,-0.066076385755741,-0.157874735043611,-0.165791504208474,-0.0160432874788331,0.0672760332103239,0.369772944881423,0.347933891806204,0.283959448747769,0.183675195296624,0.0603720278062671,-0.0624666140585996,-0.15425534403375,-0.163727575420631,-0.0161273704856703,0.0661843892302333,0.321899119549468,0.363522763374656,0.357350109076751,0.299152268862934,0.192136237769851,0.0519133955219146,-0.091149145703024,-0.241744454112837,-0.141688006297895,0.0195738708275742,0.357915591635476,0.334873755836903,0.267961828100706,0.164894791756862,0.0414195686750662,-0.0774338746991031,-0.161949132978934,-0.158890415606766,-0.00944824851332848,0.0720913108137282,0.357339286553516,0.3346446758063,0.268661479361771,0.166797583151101,0.0443969972089077,-0.073857170530971,-0.158401172178081,-0.156883048341184,-0.00956402746236919,0.0709747617904279,0.3082295481538,0.34907422196069,0.340743518940429,0.280259314415256,0.172905354679246,0.0361295892662172,-0.0996932740518212,-0.235380998769525,-0.133462603287727,0.0244745722541312
118.920711500272,0.421528927308874,0.398142387884496,0.32924182261292,0.219931627483338,0.0830331125971389,-0.0566974493592109,-0.164503111291647,-0.18343942188885,-0.0178137240648097,0.075581382773608,0.420273973801292,0.397310621634377,0.329554784879011,0.221760117266918,0.0862601338961423,-0.0526417804616522,-0.160409856777588,-0.181120066371817,-0.0179142771070089,0.0743533868712607,0.36780261248778,0.414905595439714,0.411330050245852,0.35131572554213,0.236112370518398,0.0803739437966289,-0.0833334190403285,-0.265374568789202,-0.158619940895453,0.0220447229695724,0.411390952669753,0.386768404946242,0.314777448133541,0.202372996305726,0.0650175303749719,-0.0706194870172913,-0.170529027529993,-0.176163159733369,-0.0104073172628127,0.0810223702283264,0.410488688001059,0.386273258604488,0.315375503432044,0.204397405755191,0.0683280074109866,-0.0665815598930694,-0.166509904158693,-0.173908521907475,-0.0105435056111266,0.0797664595928688,0.356457450865992,0.402661243366366,0.396013877691187,0.332179445822679,0.214980512875521,0.0616788178583835,-0.0945654766644823,-0.258991503048781,-0.149405180229025,0.0275815148854722
125.992104989487,0.475009355179343,0.45069261228608,0.378539516234041,0.262320566450719,0.113315638050798,-0.0435254473744848,-0.169437054668772,-0.202644357224276,-0.0197946035211745,0.0848839271210169,0.473232912685161,0.449405921004244,0.378586064483325,0.264153856439746,0.116827342176014,-0.038989293461226,-0.16481424698533,-0.200037649541465,-0.0199148453138365,0.0835025227286615,0.415931426203056,0.469143273031615,0.46928876462076,0.408881480787327,0.286621867526009,0.115282022364971,-0.0709854143121832,-0.290433853820599,-0.177553673343594,0.0247989566300447,0.469025236032449,0.443026439781225,0.366459576857734,0.245145493125835,0.093648993301255,-0.0602008453895028,-0.177826420783007,-0.195066170484018,-0.0114838206893683,0.0910291397266984,0.467673993912504,0.442151082211933,0.366868583166627,0.247246421392282,0.097296399532946,-0.0556584866592197,-0.173277502227312,-0.19253351331898,-0.0116441165880498,0.0896164862614939,0.408482786360856,0.460674289917508,0.45669807343961,0.390594909326682,0.264125045985062,0.0936011290787976,-0.0853590704077648,-0.28421909020608,-0.167242605185051,0.0310514907874833
133.483985417003,0.53000851249394,0.505059605653634,0.430531765325409,0.308636347271955,0.148401288527581,-0.0260078663161895,-0.172093903049721,-0.223454837287089,-0.0220117344335128,0.0953006637485318,0.527572436303371,0.503185147796473,0.430197855804319,0.310397558238427,0.152173922593335,-0.0209622026867655,-0.166882838020703,-0.220524827532153,-0.0221554984621624,0.0937466683438614,0.465180871590793,0.525152247010129,0.530294224805859,0.47129371738526,0.343723660373091,0.157341550423113,-0.0531066816524075,-0.316735521869145,-0.198713521590084,0.0278661287403669,0.529966419851653,0.502873748769235,0.422486774539038,0.293120510120696,0.127705705723478,-0.0455090039325229,-0.18328783629958,-0.215689025344764,-0.012698594010069,0.102234062526441,0.52801879023868,0.50147926612276,0.422594582470356,0.295231348686827,0.131680299537201,-0.0404221590187533,-0.178145912568329,-0.212843693010821,-0.0128873542859849,0.1006451471344,0.463443500022838,0.52228653290493,0.522181784068651,0.455314178630312,0.320723193320051,0.132782459018194,-0.0710684908232907,-0.310947314124262,-0.187195267073556,0.0349195498439123
141.421356237309,0.585309976144729,0.560032431015433,0.484108412919088,0.358127378748031,0.188170919457316,-0.00365248417414893,-0.171810112801426,-0.245888298862529,-0.0244900418620941,0.106965953752522,0.582069650666362,0.557428226176125,0.483264725350937,0.35971967030677,0.192162675953352,0.0019228534367374,-0.165950464394183,-0.242594539548352,-0.0246618978645412,0.105217788315967,0.51425429442013,0.581632322748629,0.593119061876937,0.53764099012848,0.407165609358097,0.207121405824187,-0.0286183880595739,-0.34398046675859,-0.222340222348116,0.0312824432249428,0.593054585789071,0.565213995523224,0.481998638464884,0.345906501745491,0.167409069300855,-0.0258739463523701,-0.186258615996866,-0.238103702250586,-0.0140742054539126,0.114775045420379,0.590342056743172,0.563138994744665,0.481668165702618,0.347936172731478,0.171683261520323,-0.0202089010026278,-0.180456811708096,-0.234906628569796,-0.0142965631368894,0.112987949609863,0.520148270528907,0.586326586791726,0.591479636984094,0.525788091763354,0.384906680609025,0.180047696486851,-0.0505673923088423,-0.338966055996008,-0.209503484210205,0.0392254588259811
149.830707687668,0.639723851244213,0.614361546218282,0.537968279690841,0.409725450088096,0.232209085624074,0.0239144642175581,-0.16785292186778,-0.269917035307733,-0.0272505139017023,0.120036353723613,0.635541728422773,0.610888561927049,0.5364781827616,0.411034393730572,0.236357805541695,0.0300269977794193,-0.161284821708441,-0.266214092434314,-0.0274559177924425,0.118069734476853,0.561823689339461,0.637214276909997,0.656328160315571,0.606658846198002,0.476315730927329,0.264968392294672,0.00359680766524468,-0.371723857888531,-0.248687828638404,0.0350942746477185,0.656892996205969,0.628679412932784,0.543795742875484,0.402758797320218,0.212736026177816,-0.000671189506514697,-0.185982491038744,-0.262353552681479,-0.0156328966715831,0.128809576382868,0.653233890603835,0.625746587089965,0.542867930870547,0.40459041004029,0.217260221779919,0.00559546412916377,-0.179451809098854,-0.258760709430798,-0.0158949038479148,0.126799684596056,0.577130625000983,0.651323221456441,0.663236797681055,0.601056043245315,0.45646494664772,0.236081374697004,-0.0226335769766306,-0.367940621654564,-0.234425565339638,0.0440165050292087
158.74010519682,0.692381945480851,0.667022115906616,0.590791958318214,0.462096633558106,0.27975710147217,0.0568787759288448,-0.159443581387117,-0.295450429148971,-0.0303061328102294,0.134696622401827,0.687147092904287,0.662562303513523,0.58852485397243,0.4629964078265,0.283979601227239,0.0635193726394057,-0.152110521091602,-0.291287407634368,-0.0305516118007505,0.132484211695705,0.60680225169776,0.690715478374564,0.718457709525821,0.676793230259461,0.550115355290026,0.330908466057775,0.0446295754997601,-0.399336295782956,-0.278019144109764,0.039362698658393,0.720010644366025,0.691765466300102,0.606401264980928,0.462555895220318,0.263344150446916,0.0306166895399019,-0.181609120746619,-0.288438336492741,-0.017393197490392,0.144520407050736,0.715224212354167,0.687793949698846,0.604702659831808,0.464048148717445,0.268043285261626,0.0374933954337785,-0.174280800020334,-0.284400146686289,-0.0177020007476519,0.142260067263456,0.632789008560707,0.715632036412148,0.735794402475016,0.679727469964729,0.534759296368229,0.301329446157102,0.014005447311981,-0.397373995226221,-0.262234016997453,0.0493517049015602
168.179283050743,0.743163666157721,0.717606684406614,0.641530962560536,0.513773104024295,0.329697893682512,0.0951615187051167,-0.145795934930939,-0.322313549005312,-0.0336572428553376,0.151166468059783,0.736816763595316,0.71208684300914,0.638381748591164,0.51413770884913,0.333891917544287,0.102300578715071,-0.137648592988431,-0.317633682318728,-0.0339506221356693,0.148677484793658,0.648748464124073,0.741523727176092,0.778310372629062,0.746349759499932,0.627072908633344,0.404543768465224,0.0954509688873977,-0.425961358500021,-0.310600151354425,0.0441685607312159,0.781147741374427,0.753080844826383,0.668213670303475,0.523827971611754,0.318507687636194,0.0683243259011781,-0.172213203337325,-0.316294639391822,-0.0193651141375534,0.16212293470895,0.775075668240039,0.747905737580774,0.665570146352792,0.524820658138954,0.323279330586778,0.0757994534495023,-0.164022077876782,-0.311755384109389,-0.0197291711225414,0.159581073016755,0.685644840797914,0.777674981916922,0.807347328056784,0.760021631325252,0.618655376669457,0.375885629655256,0.0606004415517857,-0.426562641520571,-0.293209732552948,0.0553075254706076
178.179743628068,0.793242245209462,0.766846520223032,0.689831324564846,0.563393061458446,0.380593862903313,0.13834242518905,-0.126174353350352,-0.350222993301265,-0.0372875004631779,0.169706920467381,0.785802873612243,0.760265708835557,0.685745574477721,0.563113505066774,0.384643804590359,0.145926904864461,-0.117175371146575,-0.344963372510759,-0.037638175238242,0.166906717017136,0.68839952662548,0.790110365724171,0.83538212973476,0.813753878739099,0.705320587191272,0.484957174850545,0.156788880956376,-0.450473577656971,-0.346694674497978,0.0496169189464517,0.839691565115234,0.811742555413171,0.727782551762996,0.584865276350726,0.377081169728948,0.112516858022852,-0.156829559639203,-0.345771394096497,-0.0215442258486413,0.181873997538227,0.83222719198869,0.805242280612772,0.724040479710607,0.585190370187993,0.381796295872654,0.120553568308962,-0.147718584326765,-0.340668664090581,-0.0219735715973784,0.179015686294841,0.734748771776308,0.836322394765508,0.876224707347264,0.839892697369177,0.7064927900452,0.459369581413574,0.118276521862154,-0.454547933684495,-0.32763453537941,0.0619847938523678
188.774862536339,0.845685068964258,0.817214538364108,0.736585749400498,0.610071720111283,0.430802457838453,0.185594701503653,-0.0999746847805932,-0.378762063438422,-0.041162527054105,0.190624250539192,0.837273490421815,0.809668717724992,0.731587776425895,0.609079356837764,0.434590022719891,0.193546824810564,-0.0901042790963196,-0.372853609763648,-0.0415817775391023,0.18747387351656,0.728283039215072,0.838630029716869,0.890411540264975,0.877940872333999,0.782758545858523,0.570640461569061,0.228974285580509,-0.471443916688252,-0.386561583776974,0.0558387192017407,0.896271621271029,0.867932525477291,0.784236616592743,0.6439376068891,0.437512049232142,0.162898636879522,-0.134509261003665,-0.376601049944084,-0.0239058235935227,0.204081021013428,0.887394815056709,0.860062792469969,0.779291911406681,0.64343734032966,0.442019781559236,0.171430379471066,-0.12443530044004,-0.370865324167763,-0.0244123929553806,0.200867007927701,0.780251334842926,0.891435342358541,0.941319772590409,0.917269391539826,0.796114586693403,0.550808378632083,0.187893594752744,-0.480068006761102,-0.365783417284845,0.0695156771923564
200,0.905943302446826,0.873476352466783,0.784556236295113,0.653910788089638,0.478695667728725,0.2356467655821,-0.066830477965553,-0.407358833905667,-0.0452344907962895,0.21426826573806,0.896782063312211,0.865167592724444,0.77877278206972,0.652205228246208,0.482116458858426,0.243865490361228,-0.0560925629054963,-0.400726645421392,-0.0457358265124971,0.21072403158585,0.773265358449087,0.891482169966177,0.945989615951865,0.938876895847067,0.857311546095373,0.659466709746543,0.31176286999537,-0.48712335250034,-0.430457975847161,0.0629864499456279,0.953475893245142,0.923594702736499,0.837876670936593,0.69965574212247,0.497927971993897,0.218727396816448,-0.104402154724911,-0.408368291300246,-0.0264014569629574,0.229109251720757,0.94328672250487,0.914423844100133,0.831709999348018,0.698208542504055,0.502065698290357,0.227654929520133,-0.0933429976424481,-0.401922762054929,-0.0269994626868897,0.22549547043708,0.824114974210418,0.944551992236142,1.00267908846377,0.990436810048271,0.884982561520598,0.648537147517751,0.269870756778046,-0.501518697331256,-0.407919272133527,0.0780683914352477
211.892618871859,0.981927071498598,0.942924895127942,0.838914474481748,0.696617010849602,0.523007307949804,0.286791182840258,-0.0267435684121462,-0.435272052662495,-0.049456645192915,0.241021002441513,0.972300588632399,0.934134956975262,0.832580041302715,0.69429362800396,0.525993718141851,0.295157686474241,-0.0151717557600523,-0.427836269590385,-0.0500561478538586,0.237034133235673,0.83075907704078,0.955582345722913,1.00707487612173,0.998172475600703,0.927319447395382,0.748732551516177,0.404145209549895,-0.495458235427781,-0.478652360130442,0.071219708079127,1.01655387640908,0.983171023890382,0.890903857534601,0.75149685982721,0.556327251891392,0.278747838676697,-0.0658705846516187,-0.44048006234292,-0.0289618490587725,0.257383254286484,1.00529011913089,0.972904293856343,0.88361584845402,0.749050587791651,0.559937478462831,0.287938904127247,-0.0538329220520584,-0.433240864909787,-0.0296682016283534,0.253320355655392,0.870859957542236,0.999627034746086,1.06221909064617,1.05857787306085,0.970406627578282,0.750139015266438,0.363979780357758,-0.516936876345136,-0.454294729275677,0.0878457121918074
224.492409661875,1.08323700554317,1.03489316751965,0.907408589138699,0.742128000299819,0.56332190142583,0.336966835664917,0.0197678177379739,-0.461590215817372,-0.0538114971019174,0.2712721501821,1.07338613341388,1.02589748015248,0.900830988064355,0.7393944262996,0.565871305458779,0.345355447203904,0.0321053651723604,-0.45326753595412,-0.0545281100575309,0.26678852381486,0.910169914468883,1.0399491609181,1.08112322698292,1.05967446216203,0.992070887731968,0.83530214850525,0.504168641210042,-0.494151969251975,-0.53145085264928,0.0806769324869002,1.09381235750972,1.0541318853665,0.948164159298754,0.80048899165308,0.610901904982977,0.341162872844246,-0.0186369735464383,-0.472142672085372,-0.0315117138859327,0.289377294486899,1.08182512890174,1.0431019646498,0.939996724630809,0.797097779312491,0.613856864257944,0.350455910643317,-0.00566474463534175,-0.464019702851598,-0.0323464470832741,0.284810259699064,0.9280875877309,1.06359819921753,1.12445065365307,1.12246338102762,1.04991746826389,0.852449478197176,0.469120687820296,-0.524023730989208,-0.505167276827115,0.0990717896971982
237.841423000544,1.21915690064721,1.15910825809285,0.999727226461374,0.797024570140796,0.600693109007496,0.383947947049493,0.0715202143634644,-0.485247323364417,-0.0583534687331659,0.305380248848131,1.20910131753776,1.15001637769434,0.993189551912652,0.794188117760141,0.602897553800679,0.392244018967986,0.0845185657844931,-0.475953248329149,-0.0592091612908589,0.300340310524701,1.02114311931189,1.15416576201055,1.17741267999322,1.12980212828164,1.05245903976401,0.915892993932107,0.60880636914769,-0.480783865394817,-0.589235145783672,0.0914323133220238,1.1962140939442,1.14686164034105,1.01763626331826,0.849987749390548,0.66051891158291,0.403666330418539,0.0370369157325566,-0.502353051257263,-0.034002662089918,0.325588566056334,1.18386827876182,1.13545304561951,1.00895546176967,0.845842809595232,0.662752963790174,0.412879869619215,0.0508548608049784,-0.493251553030597,-0.0349892977276878,0.320456481207897,1.00632234057767,1.14636295470371,1.19694316059207,1.18521573698072,1.12180840910587,0.951657253218114,0.583102717617461,-0.520227027210563,-0.560833977040311,0.111961106738341
251.984209978975,1.39541466668292,1.32273365541004,1.1256330952538,0.870359180662504,0.638324020359069,0.425682931431289,0.126547118683385,-0.50505331926232,-0.0632602244498123,0.343625218610177,1.38473651039467,1.31327638896961,1.11922194237931,0.867761358771281,0.640392647227124,0.433808917248416,0.140066959889419,-0.494705128775336,-0.0642799540620399,0.337964064354067,1.17048512389157,1.30552314881684,1.30515435667236,1.21724942129727,1.11167230006232,0.987552020932849,0.71392357713969,-0.452985898963232,-0.652502028669636,0.103443493312178,1.33559291726283,1.27331086029824,1.11018866639877,0.906360181970632,0.705371032576301,0.463569645845165,0.100150414731328,-0.52991022774294,-0.0364685052726443,0.366489009751788,1.32306843447644,1.26178880550945,1.10139585175748,0.901795636697778,0.706918625201521,0.472519321305708,0.114674953172621,-0.519733263218281,-0.0376342567213093,0.360725082989111,1.1175671396466,1.25958686365304,1.29006581718506,1.25295046048929,1.18585661785339,1.04354481574603,0.702466622889243,-0.502896625976785,-0.621688597417012,0.12666525466195
266.967970834007,1.61055369477845,1.52668468023605,1.29179507114186,0.972438293815823,0.682138859052774,0.460833271280454,0.182064185848131,-0.519727543604103,-0.0688756632898955,0.386168729726439,1.59822825892982,1.51602061131114,1.2851834724587,0.970317162250844,0.684396939058853,0.468783251057199,0.195941141643122,-0.508247922721653,-0.070087087473879,0.379816298634684,1.35841616740119,1.4953500714748,1.47034149696669,1.33160480608163,1.17571147903331,1.04837051984881,0.814404907931441,-0.408662342494619,-0.721880374604914,0.116506746352272,1.5211747372625,1.44396688791822,1.2380020084757,0.979207369838174,0.747769749582859,0.518069171474205,0.168770953320053,-0.553447617562716,-0.0391006542400459,0.412457903917136,1.50818753042199,1.43221383544943,1.2293463168543,0.974651527485319,0.748802024251714,0.526594559870344,0.183811881795462,-0.542099435691875,-0.0404763451688362,0.405989771943684,1.27212958352292,1.41385876679417,1.41542086369785,1.33491556919498,1.2441865433912,1.12392811507963,0.822399074112131,-0.469513227970164,-0.688294198897166,0.143199742440967
282.842712474619,1.85363880861555,1.76274936196867,1.49806627790122,1.11225424765923,0.740922259680468,0.489554292575628,0.234591559538787,-0.527912117762469,-0.0757141522964848,0.433052174175615,1.83802189238406,1.74939984119004,1.4903333055224,1.11054181753817,0.743763082724277,0.497434324100892,0.248654848832673,-0.51523340147189,-0.0771471273483864,0.425933383679465,1.57576983683829,1.71598057671619,1.67208793761499,1.480636207657,1.25335002770558,1.09845553173256,0.904518618683482,-0.346222257849374,-0.798086822292819,0.130249669980688,1.75497997064882,1.66341089069763,1.41126183606978,1.08056497059809,0.792965679933446,0.564720721698051,0.239897881992765,-0.571474946894502,-0.0423279302851047,0.46371050679709,1.74051437919879,1.65064174435106,1.40256590567033,1.07640420870735,0.793810541641955,0.57272403544439,0.255220519144797,-0.558865112201131,-0.0439475179991418,0.4564607884108,1.47404496702108,1.61435269585796,1.58258836376998,1.44256386224983,1.30212826519826,1.18937198236086,0.936806546751431,-0.417966341052705,-0.76144617667323,0.161366330153496
299.661415375336,2.10519647939401,2.01348855612285,1.73489677085359,1.29387110782779,0.825551557847297,0.514505522576394,0.280322681313131,-0.528137118076973,-0.0843876450411987,0.484269997513642,2.08423940232673,1.99548858422873,1.72449429094875,1.29198247586757,0.829316594795721,0.52257082103384,0.294424901735301,-0.51420641044663,-0.0860736986955417,0.476304570714196,1.80414454358461,1.95032031475597,1.90010702438404,1.66663046464224,1.35500252585629,1.1410707951282,0.978591128394491,-0.26479366176264,-0.881777388440353,0.144199374185361,2.02793046057553,1.9259602049787,1.6335548788706,1.22251251311071,0.849719282797804,0.602205900105874,0.309463810498231,-0.582401280384565,-0.0468652835346645,0.520257587591416,2.01012928232669,1.91055416176099,1.62393767908147,1.21885558787663,0.850838122735237,0.609703007541355,0.32480625357856,-0.568449407219517,-0.0487649606878361,0.512144495650584,1.71669860816708,1.85635187060282,1.79460265553232,1.58700901547437,1.36871868577406,1.23825719745831,1.03863257010023,-0.346831207885873,-0.842176476420678,0.180706126542371
317.48021039364,2.34240236281015,2.25625472893245,1.98384712944641,1.51303379154124,0.946863748134741,0.541929192426407,0.315819508178514,-0.518725628018795,-0.0954297763155658,0.539944207201511,2.31408636830464,2.23153201320387,1.96878899379128,1.50975000700949,0.951644830160518,0.550597678240983,0.329877568445881,-0.503511680519159,-0.097401921357973,0.531045968205525,2.02029265542607,2.17543177864548,2.13522797928877,1.88312251661653,1.49005040519655,1.18362669293877,1.032035167738,-0.164415598072082,-0.973279019656953,0.157951838781522,2.31914422009281,2.21384310418405,1.89768987153664,1.4131154970219,0.930114476370048,0.631463754976937,0.372584730117107,-0.584495083018724,-0.0536762123154576,0.581950353638189,2.29547570512739,2.19342893375727,1.88543159268116,1.40950353816497,0.931999161711778,0.638642892593793,0.387688859253175,-0.569136318934533,-0.0558932471013053,0.572888014675307,1.98117632436933,2.12301939267685,2.04382429816874,1.7748489121565,1.45621808824455,1.27221178735747,1.12051230217286,-0.255583825967059,-0.93163064558413,0.200538426704993
336.358566101486,2.5481513290926,2.47130304723205,2.22229780751378,1.75594205831451,1.11212757672648,0.582347977470905,0.339055852675758,-0.497681125726184,-0.109041717347221,0.600576114862519,2.51106712643298,2.43822335036686,2.20056374749229,1.749483108376,1.11753016732981,0.59215461332089,0.353099418630155,-0.481184619341381,-0.111335066366566,0.590651790196725,2.20462818801344,2.37023114818111,2.35400040226027,2.11393547556644,1.66276967314201,1.23782448188338,1.06269200802757,-0.0462620123341239,-1.07226306902616,0.17141755115048,2.60015824615087,2.50000198238826,2.18448232828716,1.65175636168118,1.04793454193551,0.657161273990727,0.424182871196865,-0.575741783613289,-0.0637915870155257,0.648667910120179,2.5678772003321,2.47184325149018,2.16715765983803,1.64693780573186,1.05089551027304,0.664432802618529,0.438840986894001,-0.558934052425572,-0.0663633399835807,0.638565976852031,2.23942417451305,2.38760986868632,2.31066922980919,2.00349354449406,1.57785746342362,1.29771093738555,1.1758467786624,-0.144722537253066,-1.03076165230283,0.220142588528668
356.359487256136,2.72232595797297,2.65262895389042,2.4319528896067,2.00172552790877,1.32100155620902,0.650054222148364,0.350704700328192,-0.462693634269652,-0.12487832152605,0.667258387835149,2.67625738218253,2.61058859460162,2.40202781787574,1.99003966524102,1.32596337752679,0.661502288724213,0.364922337869987,-0.444962646704887,-0.127531758380455,0.656206513607017,2.35238592050833,2.52606836858504,2.53702769754185,2.3359787318391,1.86810662789384,1.31791756615702,1.0722917918617,0.0869922556590119,-1.17754699540136,0.185024479599959,2.84420424879272,2.75606746657147,2.46639702098189,1.92611004378039,1.21511339496984,0.689193916378194,0.460070188762332,-0.55361248025898,-0.0779719276060419,0.720661335191556,2.8010392706756,2.71769253348877,2.44129861853779,1.91802492132485,1.21897349807846,0.697192764776621,0.474186126650951,-0.535347883556997,-0.0809357426488365,0.709423699419527,2.46267455796577,2.62083327834344,2.56705124100442,2.25829266388972,1.74340703279089,1.32720640088735,1.20031804339435,-0.0158473968749566,-1.13986588588601,0.239096244455723
377.549725072677,2.89127993902532,2.81838423567381,2.6094063378909,2.22875126688802,1.56277246740495,0.760375730769428,0.355381098953609,-0.41149213634687,-0.142093280595341,0.741629421702574,2.83746184222285,2.76819433983874,2.57082141289097,2.20996373463133,1.56554962467017,0.773663742062292,0.37014562638537,-0.392642782303071,-0.145151714367779,0.729340658499822,2.4840312483597,2.65736107361274,2.67944444988683,2.52591339865049,2.08947576358165,1.43624325208049,1.0676073421605,0.230567718091371,-1.28730999443826,0.199657736272136,3.03944552681111,2.96459283420977,2.71616236396832,2.21309209428472,1.43666592386819,0.743377401672193,0.478462092982067,-0.514881914098531,-0.0963171458951158,0.798953028760649,2.98441489633533,2.91457476939289,2.6809365337974,2.19913684768083,1.44045401587579,0.752853472289079,0.492119808285436,-0.495205788384216,-0.099711784076049,0.786476130959681,2.6341650290644,2.80255769160782,2.78468976138706,2.51374545887731,1.95340323503106,1.37851191597121,1.19372017207915,0.1281412289819,-1.2581605890004,0.257666101550116
400,3.10654928169458,3.01363580438731,2.77528549960103,2.42353819086006,1.81673657328947,0.924268118694416,0.362367295031127,-0.342752943506339,-0.159868044636058,0.825341699701118,3.04694914562909,2.95714653277513,2.72889128609149,2.39645846358073,1.8151179647679,0.93894731844283,0.378212827108346,-0.322990426783874,-0.163383521874433,0.811702165947638,2.6470575407776,2.80571743725706,2.80026635545735,2.66958691180368,2.30055615702615,1.59651327240698,1.06063274030135,0.376799268485242,-1.39992420854016,0.216106011090427,3.20372525835835,3.13356476412433,2.91900175860479,2.48457815951737,1.70587452740665,0.839869683368392,0.481684082523207,-0.455806711461773,-0.118103008936874,0.885514624323547,3.13785207837183,3.07228386343195,2.87238610957398,2.4621022775406,1.7076743273209,0.851397000960808,0.495207255064942,-0.43484669446072,-0.121971567692678,0.871686968862086,2.76405774121744,2.93602985393353,2.94702801493354,2.73953630702522,2.19449478008423,1.47082477279176,1.16172905040117,0.282509880826252,-1.38381480117595,0.276970592053321
423.785237743718,3.42062692434918,3.29355180553938,2.97463675883774,2.59021272087055,2.05662809244277,1.14149686166201,0.385261613920853,-0.257510523276024,-0.178421694045221,0.919035652541749,3.35579440385184,3.231913270177,2.92208098122506,2.55475323717458,2.04835633956282,1.15621954133839,0.402781411763341,-0.237139322508381,-0.182450511402154,0.903933996523615,2.89677267785619,3.02592328369506,2.94337700496412,2.77221571639206,2.47176947550239,1.78760498493743,1.06700462144626,0.514526748682576,-1.51516702048469,0.234008546136675,3.39319502404438,3.30769402641397,3.0860953458296,2.71684133393391,2.00225832297725,0.997804256748256,0.477595556554382,-0.373077898241941,-0.142250472869382,0.982814711295764,3.31939134002815,3.23754805122048,3.02857052323874,2.68376899859676,1.99933688842545,1.01130814604661,0.491569238525583,-0.351079505156873,-0.146643002176517,0.96752015851743,2.90049522906935,3.05990302206419,3.06255877170566,2.91041600681187,2.43885264282553,1.61673969605623,1.11691056212157,0.43972767836215,-1.51489641365617,0.298501705690143
448.984819323749,3.84325924621351,3.68356136422181,3.25790127245688,2.75670411715173,2.25901410994216,1.39583094927938,0.44010891832706,-0.160471927247659,-0.199981520433908,1.02132213388974,3.76994745184746,3.61472958033661,3.19986233558301,2.71390537871664,2.2423459636253,1.40838500117362,0.459755451377909,-0.139880843847786,-0.204574952661917,1.00465857737325,3.25432718546329,3.34808637916596,3.1590384608773,2.86482526183147,2.58094512514078,1.98197274731914,1.10214393151236,0.629270068599746,-1.63485604931237,0.250813558890702,3.68677244199238,3.56182083317998,3.26340631679905,2.90200581490335,2.29405354255423,1.22617076279852,0.48010627750168,-0.265774263292725,-0.168695936610609,1.09245286247571,3.60764398973287,3.48574120988463,3.1972167313538,2.85748220280641,2.2832803769119,1.2404367294214,0.495319726540076,-0.243128583595065,-0.173667605931458,1.07557984622369,3.12083050546742,3.24498663882733,3.17406154481772,3.01837061848435,2.6491178335069,1.81253024139683,1.07800782274485,0.588316216773231,-1.65125936315241,0.32272276846817
475.682846001088,4.31669860155087,4.14507360113286,3.64265065111887,2.96987222055396,2.41514157861075,1.65631731809458,0.541930136437371,-0.0600979030930848,-0.228645270453578,1.12883276715598,4.22792173722161,4.06300698681067,3.57663992931016,2.92103003524358,2.38945180228632,1.66402539746556,0.563734585677373,-0.0397141941830774,-0.233835232990977,1.11052548439532,3.67443872423594,3.74045453187643,3.46502464820514,2.99729050059351,2.62683682078138,2.14147293655553,1.175447627704,0.704743888593894,-1.76155378978515,0.261817225306706,4.13145621599071,3.95770237782113,3.52171380933068,3.05939189518856,2.54556666163698,1.5143267470183,0.508210459958076,-0.137854070615706,-0.200294841803017,1.21321506223349,4.0452379590411,3.8754845252855,3.44924006400493,3.00425024128278,2.5240590367688,1.52680533498598,0.525478000568012,-0.11509323889619,-0.205894344496408,1.19467078287227,3.48430124579874,3.5565096677162,3.35001410440292,3.08467808023186,2.78858459728476,2.03210267096941,1.06660721572261,0.712233184198433,-1.79628512559526,0.347086435541627
503.968419957949,4.74856090472364,4.59112874368759,4.08649914468964,3.27108396314006,2.54379248224911,1.8864446091359,0.700068051682009,0.0334421822285583,-0.268249403669112,1.23824211850467,4.63673768764226,4.48815843741401,4.00649450252801,3.2158427284328,2.50995691595499,1.88681161869718,0.723348126273676,0.0532128405640317,-0.274036687844981,1.21822647639878,4.06698942723206,4.11860637420198,3.81785072760902,3.20861359211214,2.640784994385,2.23008727398304,1.28412631547819,0.725539960006646,-1.89505377054539,0.262187847834132,4.6818368009979,4.47954081303489,3.91283464884549,3.24046870061224,2.72979349214284,1.82837673070019,0.583196078263792,0.000372715633055584,-0.243801268483348,1.33996999188201,4.58036194793751,4.38484021670389,3.83317310851194,3.17690953997142,2.69575013073767,1.83552612912826,0.603033330543637,0.0226320678464675,-0.250047441797273,1.31969329951291,3.96659159459056,3.990301152723,3.64257829413423,3.16409658486025,2.83633359149248,2.22986735199848,1.10095948017151,0.791839662902864,-1.95613063645559,0.364910009047957
533.935941668014,5.08622378091502,4.95242728400892,4.50888391672871,3.66038505981208,2.69577967827951,2.05880882570247,0.913092082515134,0.111515360905194,-0.319119041873595,1.34943468195942,4.94717406513827,4.82314999205697,4.4077356000287,3.59504937741713,2.65567620276213,2.0501940914096,0.936255758837892,0.130324717686738,-0.325474880784741,1.32765736637342,4.36731136016348,4.40829688063336,4.13423934893295,3.48758618034386,2.68308603144169,2.22998218745975,1.409071029798,0.679407614907471,-2.02932539678774,0.250127220929313,5.20944394074191,5.01856247938549,4.4127703727976,3.51251684154599,2.8471382501305,2.11855169641905,0.723935007984913,0.133959213375118,-0.307768555918268,1.46555242013369,5.08132368565616,4.90059784618236,4.31940516949754,3.44209485776249,2.80078160553912,2.1166496486333,0.746120913372333,0.155112954701268,-0.314623179846825,1.44351586398787,4.45110837872393,4.44816924355444,4.03059094777347,3.3242599382643,2.80672192597308,2.353756770477,1.18806066638821,0.80714415874753,-2.13444918141168,0.367267080167286
565.685424949238,5.37812566267913,5.24544106517027,4.8530730609572,4.08295316012197,2.93286039254915,2.1693565308815,1.16397953404611,0.168000097005763,-0.377180170557369,1.4663616695869,5.213229717731,5.08950272284169,4.72588366522062,4.00091578847253,2.88729801738868,2.15145569911737,1.18453510649337,0.185543310835627,-0.38406232050759,1.44278178400914,4.60296156742107,4.61616132770311,4.35588197867341,3.76540281545362,2.80715008102457,2.15501804225623,1.51459662211779,0.556757878912101,-2.15478749476406,0.227677677238317,5.59506125566962,5.44558862320045,4.91766262304646,3.9112325648952,2.94533443660934,2.33711219508019,0.94023149004316,0.24865931856434,-0.396808776047298,1.58624863929236,5.43163349754641,5.29456482758482,4.80047786453829,3.83160415848905,2.88936450526863,2.32321928393662,0.963365218352662,0.268193848772709,-0.404165437143537,1.56244641606292,4.80971095920007,4.80098792764587,4.41285122975373,3.59291864446466,2.76401113513579,2.36512942177379,1.3163509020555,0.742149883856827,-2.32468429849414,0.348492655873384
599.322830750673,5.75429316702702,5.58063934470845,5.1402639337245,4.46051512750829,3.27731156092068,2.24457961312212,1.41690441895112,0.194964540495142,-0.438719515544385,1.59221314280482,5.56717703452936,5.40132327554201,4.98639604651092,4.35480828935299,3.22332113171191,2.21848328491276,1.43176904241617,0.210958064436791,-0.446081046289117,1.56682341944365,4.89193201833739,4.84513010266809,4.5069206720892,3.9604349437165,3.00417653903199,2.05319356828344,1.5531167888687,0.347367073259219,-2.26663392405769,0.195788750354053,5.84005198955068,5.72060830526539,5.31652638230779,4.39424484640204,3.11736462772187,2.45960018241691,1.22418028910161,0.335402423870086,-0.506562480907958,1.70660098947255,5.64080108123288,5.53322619778181,5.16667779103146,4.29777199606457,3.05530176992641,2.43238088146063,1.24541638336864,0.35288076187565,-0.514268584702109,1.68103749861725,5.01504984180538,4.9963792959598,4.67907880909142,3.91403803668263,2.8032256276446,2.25905944347711,1.45130593729165,0.586103352950021,-2.50868443563574,0.310957814419888
634.96042078728,6.28205994923617,6.05463334007264,5.46500875042388,4.74834309617896,3.67317169935064,2.33640962479487,1.62012987043018,0.176543831040754,-0.507824402789006,1.72168453083021,6.06937882614442,5.85112799924734,5.28631769271587,4.61460160841618,3.6036115739484,2.3038702826632,1.62630331861432,0.190809135671151,-0.515581951384181,1.69454637609474,5.32014226426621,5.19444140763767,4.68579956960847,4.04369024167385,3.1870709725359,1.98752450285263,1.47744087396336,0.0402048351423991,-2.36970110263291,0.146480277456554,6.1193421822096,5.96565176135622,5.58357561014765,4.8523179184089,3.44328542401038,2.4996940389568,1.54030093440369,0.385932313824064,-0.627550031282453,1.83526319915272,5.89279946692781,5.74770400336136,5.39789106787051,4.72853681389005,3.3747829486723,2.45993298270734,1.55548014733435,0.400901897686612,-0.635443501153456,1.80797097492834,5.20734331337626,5.13469332039662,4.80224183958461,4.17098478255275,2.97370235180537,2.07606421865093,1.53508296067317,0.327651186447122,-2.6693166200945,0.260786580928819
672.717132202972,6.84761435717962,6.60654768043541,5.89855072926326,4.9815113575454,4.01408710048781,2.49971754671907,1.72317003410008,0.0919587052143158,-0.595968875862898,1.84085331249772,6.59606060204454,6.36818024392509,5.69297462541395,4.81956473407207,3.92073527715352,2.46132327072404,1.71874064909726,0.104677446799593,-0.603935052066365,1.8121145178988,5.80655125904578,5.61160985154775,4.95436511072778,4.07511231895602,3.24958878608807,1.992326756051,1.26578911266953,-0.364578169029651,-2.46866693386992,0.062706898923442,6.64019911394195,6.39352925959497,5.82576342793945,5.17815103737698,3.89707567493428,2.51244023110218,1.81945601457108,0.378840672165179,-0.759493832435034,1.96990334512385,6.39101201524267,6.15190957299943,5.60814591512748,5.01819137036611,3.81419526324855,2.46297390942407,1.82382809337413,0.390847109094166,-0.76738631358705,1.94099913208818,5.59800209756072,5.4138181358735,4.8831100765241,4.26507935670372,3.20188448617086,1.89519811192261,1.49343418381789,-0.0525780539758435,-2.80609664558721,0.192559369270152
712.718974512272,7.29000783176097,7.07489334985812,6.38315845192519,5.26094009647849,4.22866586446028,2.75260227429466,1.70924225143066,-0.0675225060335876,-0.708655994142975,1.94017727909097,6.98621187312459,6.78761412170156,6.14073058611539,5.07226665683537,4.10633064248767,2.70556522073262,1.69440007641273,-0.0555335293371013,-0.716508603578101,1.91005390562615,6.19156623894327,5.93615099245981,5.23186951576284,4.15175458964163,3.15935740266365,2.03080231477673,0.954465510136399,-0.833947492562042,-2.55287048838484,-0.0685904527902907,7.32697344433008,7.02815589901219,6.20951511009603,5.35231430997851,4.32822087316701,2.58292191048906,1.97115737636101,0.273521796922843,-0.919803491172333,2.08708056928161,7.03956837301384,6.75366731898972,5.96398111709965,5.15341857103082,4.21815563978596,2.52714085673984,1.96080079276888,0.282474583325967,-0.927362462794679,2.0568120168498,6.17520080566415,5.87485285475349,5.07101908617775,4.19971804915393,3.32048395806038,1.79761669156265,1.26227866416547,-0.570527918951941,-2.92562253984614,0.0791165109017412
755.099450145355,7.62986657451001,7.41911748189706,6.79129684803226,5.63831016992647,4.34971896746817,3.04317922632017,1.62001258646895,-0.285725190089299,-0.836357350469827,2.02379447673109,7.27033297491812,7.07609761015029,6.49939961219591,5.41885064589228,4.1982605133991,2.9807869087541,1.59729914937525,-0.273005136294099,-0.84369812025246,1.99255444538452,6.46063540556648,6.1237073603419,5.38675165291653,4.27049341500913,3.00078417204787,2.00159339217213,0.641504744650869,-1.29614458345731,-2.60410776321943,-0.247260406926764,7.84944299758588,7.59680685169937,6.74408968216961,5.50595753054393,4.57426217542131,2.78504957390198,1.93143815233206,0.0359137949373156,-1.12313592993262,2.16080535530828,7.49804435745608,7.26567189234761,6.46197194206378,5.27347227610518,4.42636504638467,2.72315317898054,1.90520753517406,0.042752186051315,-1.1297723494113,2.12952125346591,6.64740875835333,6.27679672822697,5.35804037368834,4.11668566072642,3.2044855038981,1.80062117030424,0.846759891999747,-1.19287890959347,-3.0066100479408,-0.109724199074393
800,8.04661869504624,7.78527791974356,7.09948780889865,6.02760884103941,4.49705641693983,3.26940595860092,1.54672914647293,-0.52573359896585,-0.962909352550406,2.10046305484524,7.63241770438505,7.38652336929637,6.74994935548177,5.76409244748886,4.31758048625751,3.18228893432225,1.51859094554589,-0.511433961985396,-0.970315591847184,2.0674291439618,6.77004529346074,6.3197841412571,5.43016438846548,4.3035534976022,2.88729680216741,1.80760152107894,0.419266585206631,-1.66937113609931,-2.62847892588193,-0.468829878218982,8.08460076932512,7.89667442206778,7.23018234706994,5.83691407736806,4.61861111429338,3.11522954489641,1.73322088853661,-0.312816784218975,-1.34142905567747,2.2026704928299,7.65652193454964,7.49097946976271,6.89070680809582,5.57413460935178,4.42935636126846,3.03939066853483,1.69329636191095,-0.306747773401063,-1.34740047684293,2.16971934221485,6.84866489889108,6.42345678113707,5.55378968491171,4.1644140355911,2.90538509169363,1.81236016455393,0.372149611161117,-1.79952624276867,-3.00856885924728,-0.366476073437902
847.570475487436,8.52460213108976,8.22225541995808,7.38459380322954,6.27371254774627,4.71260291405982,3.3202982563339,1.54667482866429,-0.774179867928272,-1.11188117274364,2.14026345909449,8.04570480919391,7.76179994706939,6.9756038617961,5.9536681032774,4.50293221498476,3.20385058972486,1.5156795256581,-0.755178419538365,-1.11790533847883,2.10682433884416,7.13524134098431,6.56492020650857,5.46693680788135,4.1591965976714,2.78314317547148,1.44797616170649,0.279401933938224,-1.89695832301419,-2.6303684892411,-0.770018982414246,8.32720957861622,8.08551107072691,7.48548961988616,6.29086490774937,4.60541033136448,3.41719157183776,1.48955130374084,-0.727587057183684,-1.542739478718,2.22244165897512,7.83540283024556,7.61003337419607,7.07274676746446,5.98542209485394,4.38201570374576,3.3156135429359,1.44397574314855,-0.717876398145061,-1.54654422950079,2.18914616931542,6.98450201833214,6.44622821487008,5.5221253545239,4.23435279073868,2.61960227846162,1.66366035914092,0.0214388659408912,-2.23336351788271,-2.91393148641888,-0.68786471484415
897.969638647499,8.89712567216198,8.60272184370703,7.71279852481418,6.40737264974405,4.92662277655385,3.22879022766047,1.63547084751254,-0.975264550455338,-1.27653773559249,2.13871084127519,8.33325010532806,8.06198138487935,7.23647773361343,6.02471915352515,4.67493208995766,3.08303495926421,1.59791039235067,-0.950206110625448,-1.28128352558676,2.10454772358437,7.42137580085594,6.71073765355269,5.48849493555867,3.95065453595873,2.54739967635891,1.07586390808136,0.109267978478535,-1.97005013967361,-2.6177166709857,-1.16053167848665,8.8652865186432,8.50131429075613,7.62752695642944,6.59491652973386,4.73697999452258,3.50351267783275,1.35937627943746,-1.13737860772819,-1.70961793690715,2.21564770500385,8.31345390282817,7.96462178734039,7.13907034875244,6.22049808875653,4.48344890794387,3.36282153664355,1.31389497862562,-1.12064084945176,-1.71157144365061,2.18168980543958,7.35586144126967,6.63361494768425,5.39849136163575,4.08447527665603,2.45364140740813,1.25369551467923,-0.142645875241707,-2.40742974090458,-2.7826434623876,-1.0837242674074
951.365692002177,9.15875977224499,8.85353726747948,7.97738975545525,6.55310243462222,5.00558609260799,3.13102418860748,1.71687135357105,-1.08563823975522,-1.44764028710602,2.09647903961608,8.49912252710628,8.21814881070675,7.41715708603477,6.10598718291654,4.69953479945858,2.96134192406577,1.66604635745253,-1.05343914083442,-1.45020270955695,2.06230109182464,7.59018946703176,6.70303423983823,5.33903778113081,3.75539276567332,2.1640009761632,0.826160406578071,-0.204485445552244,-1.96149008700982,-2.58277712855413,-1.64789514861607,9.32283786165222,8.97002434617238,7.88092528702657,6.59083737477236,4.97300654432244,3.28516410808342,1.40387908353753,-1.47234167434166,-1.86865041630321,2.13281867032701,8.67525321751479,8.34841161890761,7.32101770158172,6.13181240682834,4.67905366606933,3.10276997076616,1.35876311423261,-1.44378291113208,-1.86793260285912,2.09900170237273,7.71231546701987,6.81254065860434,5.32013350650051,3.69722848584295,2.25454646102301,0.730475018583814,-0.235128079151217,-2.33241331260272,-2.63721400597472,-1.6121276879895
1007.9368399159,9.42817893185,9.07986225628208,8.11978029853598,6.69234218540068,4.94083685259879,3.11064942899764,1.64782694283525,-1.10926449557879,-1.61704916654882,2.01477276088903,8.665521154873,8.34223527686994,7.46049037014292,6.16872828986062,4.57534307347981,2.91741549837522,1.57798402017723,-1.07044578498706,-1.61609685006282,1.98182236771957,7.73996799351934,6.68944175691758,5.09057782575035,3.43819045736316,1.83555139110509,0.598666855244367,-0.626805845640981,-2.00964806337648,-2.55275955163429,-2.24148226572155,9.40755409952353,9.13040914341001,8.18733437792619,6.53963321176691,5.08779795425013,2.96920790103105,1.54364268354988,-1.61484117935876,-1.99383269482222,1.98804453749754,8.6322281836517,8.38826898353388,7.53945903537618,6.00476715437049,4.73314132716341,2.75874901980555,1.49083036174934,-1.5716758769965,-1.98921349485722,1.9556175559727,7.75503194840264,6.69512460317684,5.15420879342581,3.36719079732817,1.90078205457,0.43431653837088,-0.425008926597685,-2.14691885914041,-2.48328091953833,-2.26932058029684
1067.87188333603,9.63421368887756,9.27085741150819,8.22486219599595,6.70940270795807,4.85607381183693,3.06930683502593,1.36546107972401,-1.10696292315643,-1.77955501013084,1.89320545908857,8.74764855380151,8.41313071003775,7.45526702255131,6.09024574800887,4.43064212253102,2.84260433614819,1.27642044534422,-1.06414288568126,-1.7748387913673,1.86158374390532,7.83607610484085,6.60155553314695,4.87835098573158,3.03339002850114,1.63348772756087,0.286610666905857,-0.906428034861849,-2.21346658800479,-2.56142276731339,-2.95008666355433,9.52602280679159,9.17313237662976,8.28829610793533,6.68653891101822,4.949586502939,2.84929593530618,1.57001381331661,-1.53350505543112,-2.04404274792283,1.82805031012498,8.63282162025966,8.30473334952007,7.51836610353766,6.07757989702514,4.51742229740918,2.62304292672423,1.49610760573351,-1.47977364204586,-2.03581828254831,1.797033674613,7.75181025309126,6.52158470587735,4.82815773412994,3.11533398732051,1.55639408343095,0.350637361569225,-0.760158385341494,-2.08214406963313,-2.38469460863953,-3.01667856910657
1131.37084989848,9.7602857707269,9.36816234452949,8.28174060687214,6.64941061557586,4.78031247558269,2.87818453814581,0.97991104292924,-1.16595717426712,-1.92486323327539,1.74269051216924,8.73189265355606,8.3694773951175,7.38273106267801,5.92437496738075,4.28766714286708,2.61069627774628,0.881993242970799,-1.12072601024802,-1.91564856268711,1.71308329406139,7.84837517163916,6.35974624366012,4.52584628471041,2.82623248188203,1.41161247703255,0.134267657452801,-0.870264630984799,-2.56544097688862,-2.62944931404263,-3.77704012010688,9.83053230853292,9.38207387889678,8.21598993950297,6.75515785515302,4.6742268173132,2.86925083466307,1.28182850234367,-1.38457462573494,-2.05928262903849,1.6353279457577,8.81506541995548,8.39095080393097,7.3069832698204,6.03862498278221,4.16765556286549,2.61809802295019,1.18140718968662,-1.32611828451564,-2.04719190313856,1.60642734912149,7.88093770510816,6.43496783381672,4.54354240062611,2.77879047652496,1.43227456134708,0.223361142807216,-0.999681741893939,-2.28905657632193,-2.4102813691178,-3.88629639333567
1198.64566150134,9.86080421104011,9.43874095354584,8.24714581910537,6.56936430119722,4.60287666845356,2.58687023124514,0.681307355987416,-1.37216807050742,-2.04756977779305,1.57500405872348,8.67116611323089,8.28129002327419,7.19587274201815,5.72465745631814,4.0299423235745,2.28436165595318,0.587108932540823,-1.32442382457629,-2.03335185645107,1.54798566553912,7.82612795554991,6.16261949287208,4.18307546497167,2.6917876201582,1.35781074410726,0.323532407106458,-0.77226939608068,-2.94666951909701,-2.80753871821365,-4.72654456867202,9.87919329861263,9.48353738799763,8.23546486703479,6.55567717001382,4.53062887625085,2.75384143623165,0.749821372500295,-1.33599627734569,-2.06749283743529,1.41130087459668,8.68737591701046,8.32970654001552,7.18800706226925,5.70172255984771,3.96337215329174,2.45992258498165,0.636082275961233,-1.27623437699979,-2.05116447644493,1.38506319522687,7.84900530653671,6.12769616271562,4.23271125885767,2.66795355320701,1.42950372230209,0.200570567624011,-0.872757443071852,-2.71628489860222,-2.57280906362098,-4.89281323943454
1269.92084157456,9.85489447142299,9.42237492400353,8.202100384,6.40446055267093,4.38425561181514,2.36633281453428,0.513834289131789,-1.7665768345089,-2.14342095077705,1.40569868224077,8.47216871269162,8.07423719868299,6.9801166286385,5.41868546118103,3.7323935617041,2.03990741956065,0.425328968202711,-1.7130358279721,-2.12394801164645,1.38177183958015,7.71833454822252,5.89598696724519,4.10083713117221,2.67252341556846,1.68164993934119,0.507738043596504,-0.856781822718052,-3.15565416726505,-3.14273043963017,-5.80292458919451,9.81170506548207,9.3923620408825,8.24007453563416,6.35706342887985,4.4640160371148,2.42159362533316,0.305369927611768,-1.47994272000495,-2.05466403105458,1.20413041015388,8.42258019449121,8.03819423890638,7.02276124850534,5.3688505026576,3.82235365212459,2.08288072446033,0.204786710124905,-1.41946212932326,-2.0340041046019,1.18087317186864,7.69352771643211,5.87903793711696,3.98398328128126,2.7873571490518,1.55179549517089,0.490484317440257,-0.690996590762753,-3.17076477378325,-2.93037206406911,-6.00756579828512
1345.43426440594,9.87467663113943,9.37723302880438,8.07245532544401,6.23079134973247,4.21702518589417,2.18033461053927,0.315776011378074,-2.31413771502806,-2.2088167706204,1.25629334591596,8.28434859222942,7.81499411874023,6.64107870971826,5.09429537448047,3.48522481230282,1.82804867280923,0.228974816880982,-2.24753264080917,-2.18419090923047,1.23530424441609,7.60116253291856,5.65501179663713,4.03347538937761,3.05199295366096,1.94648350402926,0.522381171901769,-0.937491236740677,-3.14821551227904,-3.67862550509947,-7.01188282301066,9.88674504879016,9.37405524004398,8.06297277108824,6.25295223188434,4.22951090480501,2.07155553245403,0.149519114729233,-1.87798484675287,-2.03939205965323,1.02626891459468,8.29993667676729,7.81241664679553,6.62836289201338,5.12162809860786,3.49119134114568,1.71138382686699,0.0743685390553023,-1.81343325867811,-2.01448157782385,1.00616810671981,7.60380097130692,5.72153986624634,4.15664596533781,2.91684710163361,1.9820038096712,0.705841975820489,-0.840112080061453,-3.37221105002745,-3.54715201240262,-7.24416795495392
1425.43794902454,9.80137618197983,9.31108115852041,7.90798269434916,6.06799932574637,3.99159091133695,1.94053962955007,0.0418746549641506,-2.88128932503751,-2.25307860317899,1.1405530800008,7.95674504074697,7.49943994118133,6.24020870840363,4.76088211398525,3.17283778397529,1.57129881915128,-0.0318228475572412,-2.79057956635981,-2.22407711829116,1.12105650405251,7.43679782544497,5.56216980371593,4.30065615544674,3.39815436294629,2.14890635592294,0.654624040491234,-0.854735242946508,-3.18368338949782,-4.46433275405174,-8.37469581305228,9.82105634746465,9.32175170595967,7.89718354038139,6.06915360097838,3.96411489028574,1.93054292457679,0.132857574801886,-2.49019433306668,-2.03480530267795,0.889284474532813,7.9805026119143,7.51288625033355,6.22709223369019,4.76137540342903,3.14431425685453,1.570775069366,0.0728676401595427,-2.41250108227871,-2.00613430137334,0.871044765446793,7.44594693614486,5.46584440347937,4.23228867402506,3.45875962044515,2.27049663082354,0.578225336128812,-1.09738557259405,-3.29187905351629,-4.40480469100639,-8.62780159903873
1510.19890029071,9.69843092459589,9.14799690414561,7.76819831920505,5.84041133885504,3.84533522163116,1.85693587313643,-0.0777928259928801,-3.24315152532191,-2.27769599943355,1.08363317075594,7.56818798495465,7.03409887486905,5.8272158406884,4.3410549404477,2.96586143307111,1.49629914861662,-0.120573055707419,-3.12059318327444,-2.24578169989025,1.06407881060133,7.23986696733981,5.52977556112117,4.6485366788314,3.76159785826755,2.37453737806922,0.641031749927723,-1.05056588024137,-3.60322319559519,-5.48175433994261,-9.90778479388314,9.67381151911098,9.15400792579651,7.76565559358736,5.85395744181744,3.85384312676369,1.89737877998539,0.0324822307582992,-3.13174624868228,-2.03455278284785,0.821717056071605,7.53591785003035,7.04034057841029,5.82714629460813,4.35585929036694,2.97398034601295,1.53516676894816,-0.0174973922730223,-3.02685945039775,-2.00354552332802,0.803069684398475,7.23405427472799,5.62797735356399,4.65048676701636,3.79546019323137,2.2121587171437,0.470422232624445,-1.16163197153068,-3.41558008415802,-5.51175019110095,-10.1738875276987
1600,9.57743464151206,9.01485118253348,7.51849248114485,5.73822685331587,3.86959769998976,1.93341222342731,0.00153418892309458,-3.27380568096594,-2.2950713071613,1.0923244109186,7.12175608922844,6.56409968894541,5.23930442210007,4.06207496035057,2.93788227495706,1.57556423622161,-0.0180395941228897,-3.12442224037656,-2.26210721805069,1.07276428722874,7.05003085798273,5.66137755387351,5.02491320312082,3.97658979622335,2.20277206003758,0.146290371922468,-1.78803412146517,-4.54802368926061,-6.60185678395978,-11.6655643247366,9.58468929543358,8.98735970905374,7.55089304178462,5.70611011314102,3.84030666329503,1.89303155588305,-0.0725596300189718,-3.51315032506683,-2.04189611621322,0.835496260811549,7.13234603323445,6.52854637213763,5.27729430422206,4.02164419899789,2.90909639957231,1.53514946263502,-0.0975806026638528,-3.3705628440679,-2.0093652080326,0.815567640799422,7.04638426154122,5.57760636598649,5.06461268236215,3.89723875017854,2.28128858072805,0.352790182132581,-1.46652579588178,-4.14957448927222,-6.61360714069824,-11.9312622959
1695.14095097487,9.34808925000265,8.754313251562,7.35889281831458,5.65971563942715,3.89101232143987,1.9721928066383,0.0292370556235709,-3.09919845032224,-2.33266606225586,1.17444496605895,6.50093037181473,5.87660884164889,4.71268287175234,3.7874995087463,2.91124386966082,1.61871047451186,0.0233898167113809,-2.93704616048035,-2.29803864020576,1.15284809591554,6.8313705027717,5.8348659714458,5.27252320215315,3.92664408726861,1.85908073379311,-0.392854999225036,-2.4839810766763,-5.67442112969832,-7.4832541016644,-13.7353354428056,9.35963358740667,8.7944280712048,7.30448568096144,5.68655450094194,3.94854372573602,2.03379514040085,0.0315216897112792,-3.44263266272221,-2.0666386737041,0.935501232153367,6.51979452188842,5.93242688385527,4.6412695322131,3.82932519234254,2.97713524884237,1.68685707997362,0.0352440162540674,-3.27167212022286,-2.03460770436955,0.914227148042795,6.83988292975166,5.89537191978536,5.22594979716612,4.00038135276992,1.87153186804065,-0.436967621563636,-2.49931493919061,-5.57115709848595,-7.39230161077557,-13.9767089292996
1795.939277295,9.06334265577464,8.47368562319254,7.11714457009703,5.71858319580485,4.17744631362842,2.26131950249943,0.121119686308851,-2.97644376651943,-2.4057790072431,1.32686112203699,5.78076316064033,5.10012925098316,4.01199746743241,3.69120022398504,3.18854628457152,1.93389130604021,0.145039953208903,-2.81107814759785,-2.37163042000381,1.30287690577495,6.63458656827174,6.00026591570039,5.38528790797621,3.64612521539086,1.24957746916437,-1.09221952965073,-3.03587435419586,-6.27474635046541,-7.79012357867009,-16.2518603179021,9.0372059789374,8.42704452178622,7.18216909348787,5.71510980943889,4.13226795010688,2.2414498348192,0.215842881935934,-3.09809581231348,-2.13811429054482,1.10496655225516,5.73494419469756,5.03141665107099,4.10414447182042,3.67166877670581,3.12513292041651,1.89751339664332,0.230584654675668,-2.92077952715976,-2.1051310670622,1.08120167638125,6.62471210413389,5.95967365984438,5.41713784631346,3.59789386351069,1.20996788738146,-1.17142376151997,-3.29939424087226,-6.75980463036077,-7.55851591584727,-16.4799556109751
1902.73138400435,8.61531314397168,8.0368043567579,6.96478271693932,5.94052633679691,4.57574878994461,2.70456305781302,0.537619811851354,-3.02991333616737,-2.55788031111032,1.54068699760558,4.82054747300364,4.02128321612586,3.35899116080564,3.76233580216596,3.54013581272655,2.3555360559079,0.570055762584988,-2.85981817189767,-2.52755454990596,1.51227446082459,6.4538465242213,6.16477099187516,5.26353814635182,3.19397702816574,0.657673182205131,-1.73342779687618,-3.79566540040794,-6.43436068744295,-7.65568265162437,-19.3199381875837,8.64514112624509,8.08538209663336,6.89793487685038,5.92169444642405,4.57724407560914,2.62636197503687,0.392854279948552,-2.86412682370479,-2.27037653842528,1.35078384836026,4.88441271459296,4.09714307800949,3.25671203943501,3.75679904448573,3.56142682870437,2.29111666212612,0.418991236536068,-2.69264001048804,-2.24246920673846,1.3227509195667,6.46178657056279,6.19014133907808,5.25449798562622,3.21721067945333,0.677069206642283,-1.64060139594951,-3.57121584185992,-6.8024799868764,-7.40910537285456,-19.5129748925869
2015.8736798318,7.92068696999663,7.45060944069784,6.84867475450584,6.32875442728244,5.07982634291789,3.03864276915804,0.826069823602462,-3.10750807559498,-2.84527546307903,1.76083990562973,3.54180281314907,2.60080855878328,2.67929708738847,4.02018333288952,3.98794408541378,2.65038967782242,0.824645568913152,-2.92735117456354,-2.81484985496157,1.72619951151808,6.31609199183445,6.2258321628535,5.09747766122249,2.72600790298845,0.186581657396134,-2.02893276075371,-4.05575608419612,-6.98791078912996,-7.61405899518821,-22.7571419022191,7.90009064854399,7.40024371286282,6.9126550799769,6.35899561543264,5.11919888303943,3.16898736858402,0.814766769340839,-2.98009068383622,-2.55896079298414,1.58039184362924,3.46876000786889,2.51448506503293,2.78374292599197,4.04216820400578,4.01453023527584,2.78376702756882,0.836918029573966,-2.80842076744912,-2.53041035779135,1.54622860512086,6.30958425326031,6.20975753744662,5.08579680605464,2.72577297079117,0.198527161052901,-2.11138886274373,-4.16259196279815,-6.73908521208744,-7.42858436944728,-22.9469432162997
2135.74376667206,6.87708852395722,6.66850656427613,6.83000738034758,6.81409472308502,5.6008896958603,3.47696139449031,0.906265031787194,-2.97837959896266,-3.30624276346261,1.93457672523756,1.92048220043166,0.663892402652719,2.0555092621127,4.33197653058805,4.3828070034404,3.01914371104061,0.881373815675254,-2.79453361156737,-3.27636371381091,1.89637482715843,6.24821386931459,6.30462246288636,4.86338254094189,2.445504931052,0.00987716182879428,-2.36711845217009,-4.47927989648698,-8.02654415896771,-8.19312299525676,-24.15943252207,6.86690290185753,6.7199401114881,6.77045389838403,6.78337237643498,5.54361806119194,3.37926690288577,1.11563144773266,-3.16984988817805,-3.01639578041861,1.77044277400028,1.99094152123511,0.76781667486316,1.95138638300911,4.30641145398052,4.32924788537478,2.90244121188073,1.07679943777587,-2.98611766587344,-2.99219985412123,1.73437305124943,6.25459940394588,6.3147179117061,4.88660580616152,2.42371012797164,-0.0223317984288012,-2.26779454880567,-4.45151290293198,-7.6754264391926,-8.09909537955801,-24.3132005217923
2262.74169979695,5.38049008515566,5.6650373457325,6.97246582113517,7.32320905408887,6.02021967725251,3.65514230459142,1.07959536054619,-2.84599644608079,-3.97540721501979,2.01675314352569,0.0437760883190353,-2.13972472261379,1.59266019881367,4.59073724138578,4.61775618197383,3.08024062385223,1.02187139947234,-2.67103053191663,-3.95219977257146,1.97117740076646,6.24933642547206,6.34133052393731,4.66144106572572,2.24713524845934,-0.200663483123483,-2.62037230280421,-5.14475759160849,-8.77589625096787,-9.74711532409622,-22.6588552894427,5.47036814914669,5.62169360445322,7.01934694433592,7.34970180884394,6.07545078193143,3.6833669648487,0.88227239518949,-3.02187759301229,-3.72458601251319,1.8088903397512,0.0342230862364155,-2.27419676394501,1.67973743408315,4.61544604331235,4.6767113891344,3.13068946083273,0.805936493629417,-2.83186541558829,-3.69683316472801,1.76423098556457,6.24255588278329,6.33569405021203,4.64283483179397,2.28526746505602,-0.159221485129815,-2.75222425222384,-5.06067109526154,-9.02279734677758,-9.68179790056784,-22.7898921759866
2397.29132300269,3.24787060609742,4.6103716829178,7.17904610141156,7.69727512988916,6.17999415579651,3.68085924341496,0.880652319372428,-3.19089092213022,-4.77064502890832,1.91538665028107,-1.61682643268238,-6.02296237703348,1.14895316773687,4.60276666623916,4.50380168328341,2.96632303634034,0.765729194762929,-3.02000829565832,-4.72644099857089,1.87133073896528,6.29436253232576,6.30605013918193,4.46082166275979,2.04466760567242,-0.532192963674345,-3.38850488170888,-5.87697571328093,-9.57284702528725,-12.5460761953632,-21.0774942017552,3.08467629291444,4.62907786628322,7.14097130564236,7.67543948654978,6.13691383215588,3.70478553636179,0.90695087815307,-2.92187427241151,-4.58607466003296,1.66801784053324,-1.67364640448431,-5.81606438781734,1.08971053592337,4.58041615535954,4.44996034567582,2.97753747255036,0.828457875528324,-2.7507578315235,-4.53093143452157,1.61399652986591,6.29772206177341,6.30904710795022,4.4629066820032,2.00519030359634,-0.578500457866058,-3.24538085452872,-6.10205057891693,-9.70763801101587,-12.4204710272044,-21.2777426639818
2539.84168314912,0.749740871212053,3.85098702836883,7.38464165754117,7.85681435530661,6.1590044235995,3.40684315288619,0.58598665232473,-3.98118236352652,-5.48015950698772,1.69454023214616,-1.69056456978014,-10.7308778520873,0.538160192499822,4.23680569433141,4.14675701488197,2.55048602760842,0.449186828441265,-3.7793347894331,-5.41981722279095,1.65159054385783,6.35688155972951,6.19497886063442,4.22676597928253,1.79531067441641,-1.06782044718282,-4.17734403964335,-7.06927743872465,-11.2670198464669,-15.3583934981228,-20.2397241470444,0.783829998628321,3.89739254575227,7.39405335470817,7.87197530651429,6.18963462942651,3.37262210862615,0.687565262553487,-3.58792444345163,-5.37760847693866,1.41856218117068,-1.50987242207787,-10.9316016509268,0.544298564378209,4.25040362010275,4.18813218653808,2.52319021572607,0.532139233081913,-3.41075080785412,-5.33314679985596,1.38319867520096,6.35848206551449,6.1866298439048,4.25156731180423,1.82327408262596,-1.029485938452,-4.29694113058298,-6.78695578147589,-10.7819573497056,-15.1389837946053,-20.539976648106
2690.86852881189,-0.995072063834697,3.5770158333517,7.56219265691016,7.84961333034041,5.90040144010044,3.12822732013634,0.187198139130886,-4.46638634341103,-5.89010773028125,1.45447010191843,-0.59180501446615,-12.3804170915794,-0.292218257856492,3.55522578340849,3.50075950791723,2.17425591717645,0.036036160553543,-4.20528728672044,-5.81757188935288,1.41061578887896,6.38506318452641,5.98655693978868,3.93994202111735,1.44523396083869,-1.78398347450989,-5.08190860990884,-8.40103131506918,-13.034703932328,-15.7186609683315,-20.311682546599,-0.823413272342572,3.53319591247811,7.58285840405298,7.85137101265033,5.87368733881853,3.15715679921532,0.087460663586857,-4.72644009730541,-5.93842350932022,1.13169670311795,-0.76743240370863,-12.26670919431,-0.236192013246203,3.56713886243487,3.46194433148896,2.1919264202275,-0.0417700291226493,-4.48482547494973,-5.87299385228367,1.09406176876711,6.37801249164633,5.98902182138736,3.91475715068346,1.44052981809204,-1.78992329442464,-5.0785009006039,-8.39346585722001,-13.1694413410729,-15.7775775613785,-20.6779832828441
2850.87589804909,-0.429602672938709,3.7701669983019,7.63292400271965,7.66346892776307,5.5714507809802,2.82246889487299,-0.04447250943464,-4.44597239508011,-5.92517087886679,1.29603347293735,0.733165126078694,-9.50573190455108,-1.52699345360611,2.48183746198817,2.78299762907723,1.76814544517509,-0.122944440951879,-4.10690376834217,-5.84785296975944,1.25574202269606,6.36248915058695,5.6917002571908,3.70108218689094,0.994429486095775,-2.67553449081274,-6.54669080182449,-9.8670365147793,-13.8366499664483,-15.4994286796412,-21.3357355430269,-0.420504211709317,3.76269879628162,7.61163150696425,7.6491905804865,5.59527342902835,2.80917133902722,-0.0102599917910084,-4.95201935940348,-6.12390233678328,0.969161998301687,0.772012050462622,-9.4671154745908,-1.58848883640674,2.44927132675329,2.8275841920901,1.76502016644931,-0.0373956535340183,-4.55617483029908,-6.02980519969117,0.915456340074634,6.36300622911158,5.7029186827031,3.68401915510356,0.984369049679766,-2.6854208049713,-6.50046613937223,-9.67739275763735,-14.3377518402795,-15.774874332096,-21.6955537635763
3020.39780058142,1.79679858707472,4.25090083870591,7.56638524488357,7.38839269832118,5.39884635577278,2.77729114442773,-0.0844230232390826,-4.62503519685755,-5.6847975230635,1.29559223538909,1.80166726640143,-7.0835219342963,-3.21881169912735,1.06176722927476,2.2915804829076,1.76962137274335,-0.105749507763453,-4.28635245007006,-5.61372600828863,1.26840054013885,6.30736801739877,5.45225427825406,3.54359715736207,0.341885512523695,-3.887843315444,-7.6054044601504,-11.9713472933831,-15.894166959895,-17.1369446325086,-23.011222307847,1.72414512257799,4.27649137386536,7.57831677712813,7.39768374933308,5.36895354701754,2.78130156572026,-0.0466490920149127,-4.40404882545708,-5.93739505361723,0.96053361249156,1.84030253461888,-7.16804265380238,-3.17343776764282,1.08536243865572,2.26904970842967,1.76381011195534,-0.131915626735668,-4.01887981239135,-5.86204750116764,0.933845228161276,6.30879988936331,5.45785343217143,3.53820164994783,0.341041666695582,-3.86069645106786,-7.83384781769247,-11.4046370248013,-15.1709172570251,-17.4769674245878,-23.3153990875989
3200,4.29446280934805,4.84791605173295,7.30688895444018,7.09870001862246,5.49719780918154,3.07826754627695,0.353441796290641,-4.80638336145847,-5.41194038824139,1.46546951365609,2.37253925567757,-5.52836578544349,-5.024811172143,-0.66246486599592,2.22715546492705,2.11329954291018,0.160351991304322,-4.3983838138154,-5.33985198224155,1.45103434031016,6.23000123698065,5.33008119081706,3.28418841893987,-0.585668763030213,-5.05950473982928,-8.95196132962428,-12.5956360968986,-17.1865896000068,-21.8327301163646,-25.6508409956466,4.27274340941292,4.84383721905074,7.31237042107609,7.08282800806616,5.52332139157784,3.06558016930454,0.287722472865105,-4.50519373942164,-5.62802858131584,1.18192658406895,2.25350213559759,-5.45172453686179,-5.07026330583366,-0.697436805298481,2.26887390660103,2.0816525180211,0.177776895909764,-4.13226874333003,-5.55161404571925,1.15664747647165,6.22412156256997,5.33825008747778,3.28692122197978,-0.565456248941667,-5.03344425751117,-9.08724222062586,-12.2999503642991,-17.6440362826219,-21.8919891310692,-26.0157445784884
3390.28190194974,6.59128514989366,5.43837386643952,6.7412812738332,6.93871384653129,5.96110320150154,3.57743782294847,0.749239907820384,-4.54213666207095,-5.32291634176399,1.76147144401822,2.06953973564607,-4.48190307136385,-5.39421431943613,-2.4214706017541,2.6110654222214,2.62042058830418,0.405413020613242,-4.08816744781885,-5.25954255192658,1.74499711719866,6.15015768426097,5.2583696356773,2.77916045399088,-1.52074589146034,-6.09184449441801,-10.4226495783746,-15.0909904645876,-18.3408811714602,-26.8070523854843,-29.8709918820373,6.61298296711709,5.39333625178544,6.70720739911209,6.94584552653252,5.93760664490323,3.56803659415401,0.762522461428375,-4.85180043014462,-5.44704607372874,1.49171377003223,1.8928641878482,-4.29987371587427,-5.54396494665409,-2.41645925479863,2.58620189993487,2.62979360996995,0.473610768528355,-4.40651539118626,-5.3808523915195,1.4693373394805,6.14811809858464,5.27141228124907,2.78585476691882,-1.4857344784934,-6.03857094681978,-10.333669566005,-14.8913156836094,-18.4377011906554,-26.5483062638295,-30.0983590486736
3591.87855458999,8.38804230972036,5.87380116984842,5.83833379743404,7.05288310731181,6.57347717340778,3.87570985541348,1.1757939410632,-4.78286648170908,-5.66888785817309,1.94322785826373,0.182884346162422,-3.31977821379944,-3.3930000540886,-3.77668996870014,2.96724806181599,2.85422145478633,0.419953520618671,-4.21386477937343,-5.61033769382612,1.91354681955541,6.11563572755987,5.12909585172359,2.17552701320594,-2.31483411278213,-7.53697451798855,-13.0403357865928,-17.9222319709263,-22.3262026082864,-24.8617878085464,-32.2500553335874,8.41966417057611,5.81814709518144,5.78866344228659,7.09169729186701,6.56036003632754,3.93141757282556,1.17086959064544,-4.58356861993298,-5.76237896408332,1.66311316310098,-0.0157307109536224,-3.14096076605076,-3.35898888449936,-3.63832111493992,2.88970162127654,2.74300349654826,0.358533831220133,-4.09873894654403,-5.7037074521677,1.64165520922985,6.11445815079725,5.14045627181783,2.17874390006306,-2.2772001447785,-7.49037489268596,-13.068918298928,-18.3820546951798,-21.8868773599008,-25.3935301592495,-32.6856288674896
3805.46276800871,9.48768749197611,6.03570268879409,4.88808502641352,7.35749669632501,6.8483975290187,4.08585100149719,1.07767802702055,-5.09828605095816,-6.43122409277019,1.8633988450667,-5.30847748502455,-1.52313075082369,-1.11126317644603,-5.02485476384424,2.57636976184201,2.41448588280634,0.317340045047075,-4.3482568248516,-6.36593102135458,1.82694507263944,6.13330367376212,4.92480040773929,1.636169420368,-3.46687641705776,-9.61665624929021,-16.219605632167,-22.0143930143079,-24.8574787963569,-26.2295344045982,-29.9657776182009,9.50238821083889,5.9953046560187,4.84796104510558,7.37146507356661,6.94718437997025,4.16034888692769,1.03211058029419,-5.24420928668578,-6.60402620894956,1.51569193206779,-5.53398320212179,-1.40591712130789,-1.04854838518922,-4.90507946678122,2.61587436390517,2.50734450517301,0.656816293238954,-4.6720462847392,-6.53884541830354,1.5016801524892,6.13113459103193,4.9294872617288,1.63188344481202,-3.42789805769125,-9.49569152042132,-16.1870292636773,-21.3120493901728,-23.6859661704525,-26.5178851096507,-30.5068977537292
4031.74735966359,9.87001571991575,5.96895247919709,4.47210778777938,7.63150964958498,6.60550060523111,4.19342687382143,0.929413699963885,-5.33282075467788,-7.08688170129224,1.53561266042117,-20.8396101867023,0.537135092755096,0.413266272429391,-7.1026792315198,1.06914344337778,2.09395151756066,0.522424955284048,-4.55072621058364,-7.00294929112411,1.51800850113049,6.15785515348288,4.76072336780511,1.06980501743322,-4.89705913329276,-11.2639827857928,-16.2746308941714,-19.6925201644445,-33.1813842989945,-26.8893842815639,-28.8133838044972,9.88012248936872,5.94052430187782,4.45395868087415,7.61501197619824,6.55944168141982,4.00531014009375,0.870242736931056,-5.86114088390655,-7.32422182391159,1.16604850664488,-20.2100942468493,0.58837427854861,0.446064646749096,-7.10678764588727,1.27575791597308,2.03143625517349,0.118364310603676,-4.42513255344599,-7.24106026637865,1.16448413084659,6.15828259217395,4.75567978976516,1.05300422803829,-4.888585045005,-11.031307841138,-17.7877622531434,-23.2690319691008,-30.7195266159559,-26.790984474054,-29.2284970087376
4271.48753334411,9.74003515048864,5.83743704069576,4.69306902520884,7.64619777654771,5.89516563609343,2.72883939881731,-0.91815026195271,-2.31467483972998,-7.09156759432028,1.32187967575445,-2.2198308119818,2.22999294155228,1.35728840275323,-10.2935821360156,-3.84833260700152,1.99502160840725,-1.48940950687293,-3.55550070560151,-6.98386807191682,1.31449016353281,6.15622634880247,4.6584153137895,0.234003831690217,-5.99586729277038,-11.8651272217445,-15.8053802893437,-22.8251956524437,-33.6273698993819,-24.0716039408651,-29.4756041148203,9.7467055010084,5.81397767702776,4.68521866716656,7.70585422187597,6.01822461246819,4.5683882720584,-0.0408711805720921,-4.80807647259925,-7.2693639263323,0.949493893246149,-2.11586492061793,2.26345489461263,1.3834494958425,-10.0883036843777,0.102396806851143,-0.0650798308460222,1.80540035563793,-1.37914193928405,-7.15044321501794,0.963190647029385,6.15759785101279,4.6469109768716,0.233433937633436,-6.16136778606522,-12.915267730427,-17.9923567369703,-16.0765422043966,-32.5832180109328,-24.0386378671315,-29.8049196452157
4525.4833995939,9.1354650932857,5.8618706442412,5.1487748345965,7.38547487959557,6.51567439027802,5.00016166328719,-0.858968489662133,-4.41803595383828,-6.51949796755062,1.44221810787413,3.65735144917258,3.33319958320142,2.14056329354751,-9.04718620633684,-0.582286006582876,1.64604634937207,2.01470622416228,-3.48734414903015,-6.42823946339392,1.44440608559386,6.12602956974642,4.51079290873682,-0.553385481026717,-7.63251910061757,-15.1628140021923,-13.2884182219434,-9.03608012099754,-22.8289364627526,-23.043073142529,-31.7305226108313,9.10836766143187,5.86251372944648,5.12670040297103,7.34872189252427,7.04867382871122,4.88843592033837,-2.02305894637222,-2.71081028104407,-6.55224262895638,1.10205004813432,3.71883194447935,3.34253547621871,2.16124337099671,-9.23127331674331,-1.889890591429,1.73258569195191,0.654664124573122,-4.34443066794477,-6.50725096612131,1.07788480846903,6.1250462041457,4.50822373861034,-0.539520097378056,-7.65113335684207,-16.3820588828991,-14.5252417830836,-6.67550606133684,-25.1538581810824,-22.9903074768881,-32.1849409492667
4794.58264600538,7.63406886976733,6.29938972599902,5.40781923881641,6.73143934715995,6.23250924850649,6.31203164473043,0.479447216253486,-1.80494719741041,-6.14501395527469,1.79633939949478,7.19485612599968,3.72808186803157,3.14726081404302,-4.80586080437126,-2.10604111852366,3.22743582841885,3.19258851424999,-1.94568182450333,-6.01403290882945,1.75976694554943,6.08721818080935,4.27405950758057,-1.22574475184479,-8.14860331767479,-13.3993966743997,-2.44600930697785,-4.00404162991836,-21.9035752549036,-23.1985278845104,-35.6846092276808,7.55839334982475,6.3463952947208,5.36906079010279,6.7607513956626,6.61579752192508,5.69721818077679,-1.69232398445976,-1.82615547774736,-5.95525570805937,1.48607790619096,7.19572709091092,3.67014609499884,3.18738359810529,-4.83735122435391,-2.2989441160399,2.30110139368511,1.4495510497414,-2.39477074053458,-5.85004786009196,1.43950930242204,6.08387007518985,4.27549757139482,-1.25565026879175,-9.29658119685487,-13.9079329530413,-5.65628380197892,-13.6531408480839,-14.8376418266923,-23.2032312034655,-36.3999853486555
5079.68336629824,4.3807211063518,7.01698564829909,5.20377523876411,5.61608489423456,8.15292745905472,8.07118485966745,4.0000165591726,-3.60887451407114,-6.58394142618751,1.90979690064115,9.24140698712932,3.57788896133694,4.48807157793681,-2.34135045688339,0.154433489566033,5.33496256389262,6.30289903387153,-5.61987946078572,-6.60089268091171,1.85019470809908,6.07899977044586,4.04337768710857,-2.15673471426618,-10.4712385793311,-11.9431737354137,-7.18215350436188,-5.3822680601132,-16.3781842365884,-23.9549694589843,-36.1117365695481,4.49438057650502,7.00104866189537,5.21838702922739,5.33259283510739,8.69675472370883,8.17963258478432,4.64588903157322,-3.71415656446861,-6.29434096430008,1.53129084527194,9.19765089129023,3.58910248298295,4.48873795353167,-1.80283404927885,0.590527538039881,7.1595827410064,5.65839013100528,-8.06520820143749,-6.1894128654975,1.52560976836059,6.08066608261371,4.05022792743807,-2.17316261649179,-10.1881530768295,-11.6417614021516,-11.5825240091431,-11.2252619963285,-18.4106838150271,-23.9668564797018,-35.821862751137
5381.73705762377,-0.463965055421658,7.51030826020471,4.84309039423349,6.31652116304287,10.5822929893222,11.7542447173407,12.4853291617886,1.59595259216565,-7.90718776369398,1.60912465334104,9.81704288333639,3.79668092564369,5.62434542534695,3.73176693786411,-3.34452724142062,14.2971838570389,13.4199875073463,-6.81433514754191,-7.58527906951994,1.59154256635682,6.10309575417965,3.8079757239896,-3.11875424872667,-13.9990870442654,-8.25579140962229,2.46335588111602,-2.85218871582256,-11.2026577572439,-27.4124746847338,-33.3002270658262,-0.535613276952867,7.490016360834,4.80526499506219,6.7962411992743,10.4311376675091,7.11018490883548,11.6224951596241,3.05155482417863,-7.46835022815383,1.21227048359624,9.85542788654339,3.80707542485511,5.59552887974879,2.45196341498301,-0.867597616475517,9.91956129179517,9.64557472601521,-0.830183805456224,-7.52820021277789,1.1758901708724,6.10010631319321,3.79994740861392,-3.10196635323337,-12.0774235691714,-7.77713817161186,-9.95243455066413,-10.5050632908865,-13.1583484264017,-27.6310665655673,-34.1222130399042
